date,real_oil_gr,oil_prod_gr,ind_prod_gr,inflation,sp500_ret,fed_funds,fedfunds_chg
1986-02-01,-41.09759737662257,-0.028895992688227068,-0.704382287145755,-0.18214941283911656,2.0635889129784424,7.86,-0.28000000000000025
1986-03-01,-18.728104151287827,-0.9783446309070243,-0.7148371663592279,-0.548447444216027,5.217620764894804,7.48,-0.3799999999999999
1986-04-01,-0.18539583902845713,0.07840206070248712,0.14326780252771343,-0.3673098711860945,4.221575815282641,6.99,-0.4900000000000002
1986-05-01,17.718734628700705,2.1546146271081312,0.1475982872057635,0.27560881019796923,0.008507026299486853,6.85,-0.14000000000000057
1986-06-01,-11.995905429354226,1.3993178715136168,-0.4037339462127143,0.366300775873718,4.115528601856067,6.92,0.07000000000000028
1986-07-01,-14.01928058756301,1.9819182011584502,0.6512386430606476,0.091365926867492675,2.816634331029899,6.56,-0.3600000000000003
1986-08-01,21.34820640291104,1.2475741892354009,-0.18566171981273527,0.09128252573598061,-7.038530078066696,6.17,-0.3899999999999997
1986-09-01,2.489155337650173,-7.027950558301299,0.2549474375162397,0.36429912785012064,5.632086473202502,5.89,-0.28000000000000025
1986-10-01,-0.5171113072551137,0.5629711976519403,0.4253340551588103,0.18165309263977747,-6.191306530497442,5.85,-0.040000000000000036
1986-11-01,2.012183974207482,1.5378400548078375,0.3998607164955814,0.1813237124181022,5.090793246541203,6.04,0.1900000000000004
1986-12-01,4.451584528027297,0.3892584016590206,0.9439539139524555,0.36166404701880595,1.313548222533889,6.91,0.8700000000000001
1987-01-01,14.336508401637005,-1.1398994294289366,-0.3493734682405325,0.5400553180000323,-1.0494571004370457,6.43,-0.4800000000000004
1987-02-01,-4.661348556441514,-1.3172887074595963,1.309491176805988,0.35842332278148703,11.487089617180235,6.1,-0.33000000000000007
1987-03-01,2.5866961140884825,-1.3404262366176312,0.14471947964986853,0.35714323675977155,2.341688070291781,6.13,0.03000000000000025
1987-04-01,1.613934774277448,1.0825645160245756,0.6311114231135839,0.4446427957134347,3.2607445140457436,6.37,0.2400000000000002
1987-05-01,3.2636285027937584,1.401955847603631,0.6302766762669165,0.2658397666610135,-1.4989705644163465,6.85,0.47999999999999954
1987-06-01,3.2673306759089638,-0.327362135704945,0.5166029302833941,0.44150182091167167,0.622986072830578,6.73,-0.11999999999999922
1987-07-01,5.595853439045051,4.368745039485233,0.6797065473966413,0.263968477077281,4.424027629008354,6.58,-0.15000000000000036
1987-08-01,-4.862203140192256,1.249423861754373,0.7478081537837689,0.438404910853496,4.716351537861474,6.73,0.15000000000000036
1987-09-01,-4.361919734033726,-1.0380805408756189,0.3931774012906786,0.34934533345598595,1.8191638733508597,7.22,0.4899999999999993
1987-10-01,1.1615778059280268,0.38860488113137137,1.323349510920746,0.2612104227925016,1.2078867043063823,7.29,0.07000000000000028
1987-11-01,-5.259039523213227,-0.8152148511157975,0.4865946043528524,0.34722257107491217,-24.6768390481372,6.69,-0.5999999999999996
1987-12-01,-8.340963317854499,0.12331421499585105,0.5592546578943036,0.17316021642779234,-9.746303316542626,6.77,0.07999999999999918
1988-01-01,-2.2613021170746483,-1.4987121129500736,-0.019700828905744316,0.3454234868087269,9.820567988211781,6.83,0.0600000000000005
1988-02-01,-1.4702186560798358,0.22703483031474292,0.4999271340642153,0.17226533114467202,-0.352268227133834,6.58,-0.25
1988-03-01,-5.312191039350167,0.7007246106006448,0.2464822424946611,0.2578428587944437,4.665192445181621,6.58,0
1988-04-01,9.436050843400313,0.6108669436519776,0.5784379012641949,0.5990604137156907,-4.254336283304472,6.87,0.29000000000000004
1988-05-01,-1.8502124596728065,-0.6545186733902142,-0.20182730831876938,0.25564564413009805,2.1134762463195678,7.09,0.21999999999999975
1988-06-01,-3.9891314885283746,-0.4147677037540376,0.289692739416747,0.42462908814515643,1.9423250967331107,7.51,0.41999999999999993
1988-07-01,-8.47173063415978,0.5334558645810006,0.01469114322585341,0.42283361095210026,1.8905966674451768,7.75,0.2400000000000002
1988-08-01,-0.0991990974545498,1.951972429906057,0.5001679278237248,0.4210532536343514,0.15808848436673628,8.01,0.2599999999999998
1988-09-01,-6.650594268864918,0.829639940643645,-0.3129633358873285,0.4192878260036004,-5.225851748632415,8.19,0.17999999999999972
1988-10-01,-6.251387939802333,2.6435617448695936,0.43015363906127035,0.33416906619025966,4.920479235215147,8.3,0.11000000000000121
1988-11-01,1.0363346736193435,0.7981545033670656,0.24157555877204473,0.33305609471652176,2.7906733005048423,8.35,0.049999999999998934
1988-12-01,14.847642572794184,0.37629087477704104,0.451930917807708,0.3319505122852284,-2.382492337162212,8.76,0.41000000000000014
1989-01-01,10.196430531263733,-4.752051752524444,0.29453491324780146,0.4133945531727967,1.0295846287427857,9.12,0.35999999999999943
1989-02-01,-1.6658123709019534,-0.8219177243200093,-0.4434996841930605,0.3294895896853056,7.613738424353489,9.36,0.2400000000000002
1989-03-01,7.890786171199071,0.7174039181286673,0.2497608429581355,0.49220772054283657,-3.416974430527908,9.85,0.4900000000000002
1989-04-01,7.523917529390256,0.754836564453143,-0.014968072164389667,0.7337986452912837,3.181083751455649,9.84,-0.009999999999999787
1989-05-01,-4.85161220580117,-0.24017794925672575,-0.5701295487130054,0.48622462080345485,4.205333114430587,9.81,-0.02999999999999936
1989-06-01,-1.0692990891165266,0.14996594494292026,-0.007608619112176029,0.32284128121187194,4.072884206521454,9.53,-0.28000000000000114
1989-07-01,-1.1745790448075777,0.7887211936967731,-0.9693959689255571,0.3218023694200767,-0.8546496756685507,9.24,-0.28999999999999915
1989-08-01,-6.881296683593097,1.369217826922231,0.9750620169152846,0,7.400276844394593,8.99,-0.25
1989-09-01,4.656329643002555,0.22805406606334344,-0.3138966589546932,0.2406740030565402,2.8619292334423285,9.02,0.02999999999999936
1989-10-01,2.905399063034775,0.7289386506201367,-0.13487581284179484,0.4796172263493048,-0.8118170740054609,8.84,-0.17999999999999972
1989-11-01,-1.4968434427076183,1.4014440272045903,0.33733524412147275,0.39793128514808984,-2.794691918086478,8.55,-0.28999999999999915
1989-12-01,4.439755663218925,-0.6155272215552898,0.5469228290109207,0.31720883061439054,2.726269895637845,8.45,-0.10000000000000142
1990-01-01,8.419799861333942,-0.5106366126906181,-0.5070632766924987,0.945633524203604,2.5511005806756692,8.23,-0.21999999999999886
1990-02-01,-3.4017987578700115,0.42215988121316883,0.9040640973159597,0.39138993211356166,-8.982328107420745,8.24,0.009999999999999787
1990-03-01,-8.464435199573872,1.3448809812611984,0.49692029917487446,0.4676547883901705,1.194209979926697,8.28,0.03999999999999915
1990-04-01,-11.235363802709507,-0.5953122685264489,-0.2623250205882499,0.2330098141623438,1.7753420982081103,8.26,-0.019999999999999574
1990-05-01,-0.8093486496390856,-0.9973921792784779,0.3036903319729056,0.15503879074545424,-1.9227098271206167,8.18,-0.08000000000000007
1990-06-01,-8.644829529208419,-1.3166572926598619,0.33858350269504456,0.61776258239572,8.895582099421162,8.29,0.10999999999999943
1990-07-01,7.456767552275134,0.18298571163697375,-0.17488731555337367,0.4608303086194532,-1.001805820303403,8.15,-0.1399999999999988
1990-08-01,37.38015679647366,-6.212048819300087,0.3486749997004601,0.8393792128468469,-1.1243984835405563,8.13,-0.019999999999999574
1990-09-01,21.8120039954131,4.363561150451467,0.007625111401843299,0.6815626535059849,-9.565056470250699,8.2,0.06999999999999851
1990-10-01,6.961665615954127,0.624453524473445,-0.5859653143676979,0.676948805524713,-2.5548758602385035,8.11,-0.08999999999999986
1990-11-01,-10.401917097740188,1.3934131287422602,-1.279714376480623,0.22463506263736832,-2.546929598293346,7.81,-0.2999999999999998
1990-12-01,-18.623796881934275,0.41558759407909207,-0.7366596588133767,0.3732740429684078,5.413927271840002,7.31,-0.5
1991-01-01,-4.114837776650315,-0.3077994784751681,-0.3261191076563641,0.371885887873713,0.722470604620451,6.91,-0.39999999999999947
1991-02-01,-22.036403326905173,-0.5251100503780748,-0.7415936065028106,0.07421150618878158,4.959933852716869,6.25,-0.6600000000000001
1991-03-01,-6.780592772742278,0.38579268283491785,-0.5771039266291744,0,7.68962995397775,6.12,-0.1299999999999999
1991-04-01,5.363530781835801,-2.177828804551929,0.26351435941132095,0.22230464879466894,0.22378552137176655,5.91,-0.20999999999999996
1991-05-01,1.629701593842281,-0.3347183932282505,0.9370150601197835,0.36941305401416713,2.3923813721173026,5.78,-0.1299999999999999
1991-06-01,-5.270221109084772,0.37541981494797483,0.8070413249054553,0.2945510229757531,2.022581852407246,5.9,0.1200000000000001
1991-07-01,5.626658279020824,1.6029407452457178,0.27966918655684125,0.1469507979359186,-2.6477392012193235,5.82,-0.08000000000000007
1991-08-01,1.0072739032675804,-1.266094757918701,-0.0011339677612909327,0.29325534212780724,2.4052141332266963,5.66,-0.16000000000000014
1991-09-01,0.62630404489734115,1.5926039020435212,0.7901658951122492,0.2923978691435458,1.2909694222548396,5.45,-0.20999999999999996
1991-10-01,5.714652711510393,0.07813734281736373,-0.05466018382946913,0.14587894636592935,-0.7551022418170739,5.21,-0.2400000000000002
1991-11-01,-3.102023583369795,0.37652957609797255,-0.15836157055426625,0.4363643287773833,0.5432276629661281,4.81,-0.40000000000000036
1991-12-01,-14.852353049058053,0.6880136693661498,-0.48743843095229167,0.28985527540115186,-2.5676981142535915,4.43,-0.3799999999999999
1992-01-01,-3.77742650091506,-1.769023075596543,-0.5251264026755464,0.0723327337142976,8.98608749425085,4.03,-0.39999999999999947
1992-02-01,0.8409665102308672,-0.22783157925587716,0.7034889592290483,0.2166848085090045,-1.8699394403645542,4.06,0.02999999999999936
1992-03-01,-1.046300795657773,-1.897024377186618,0.8489522000498795,0.360101217359432,0.7104858200874808,3.98,-0.07999999999999963
1992-04-01,5.8968602693865835,-0.2787488027593099,0.756146666679669,0.21543993970265518,-2.0130965826589353,3.73,-0.25
1992-05-01,4.076271562340739,-0.36565802807420056,0.32856911647831666,0.21497679364923528,2.0324877367357885,3.82,0.08999999999999986
1992-06-01,6.495558419582204,-0.17270357527383595,0.051172249598341324,0.2859187080045622,1.1496430901197563,3.76,-0.06000000000000005
1992-07-01,-3.0894483279809704,0.8457667049395212,0.9164938072931506,0.28510354308393104,-1.0648352678399142,3.25,-0.5099999999999998
1992-08-01,-2.345967887157774,0.02168205301185111,-0.5607554576631202,0.21329549501416523,2.9143896929719304,3.3,0.04999999999999982
1992-09-01,2.2861316545347066,0.9224016500274601,0.32931151719015617,0.21284151348259783,-2.1447369656729443,3.22,-0.07999999999999963
1992-10-01,-1.2504004845233174,0.69951521382698445,0.672889068479865,0.42432878378662053,0.052862036049727834,3.1,-0.1200000000000001
1992-11-01,-6.705023706422986,-0.3766607584035242,0.3785044798294557,0.28188884064199726,1.5398834478506096,3.09,-0.010000000000000231
1992-12-01,-4.81839190181772,0.19739313595543706,0.16874963663999765,0.14064699927516244,1.8816528336815352,2.92,-0.16999999999999993
1993-01-01,-1.7508292046201301,-0.4882755212351597,0.3832542487244517,0.3507544809678187,1.0621708072342528,3.02,0.10000000000000009
1993-02-01,4.482481052467069,0.9644050217298528,0.4804393879324742,0.20986366569202275,1.6266412152123877,3.03,0.009999999999999787
1993-03-01,1.0982811630313671,-1.972890115363768,-0.08739137323683366,0.1396648271721368,-0.11531079901390129,3.07,0.040000000000000036
1993-04-01,-0.5946772699192859,-0.3799449120723608,0.27394050036360085,0.3483110452820348,1.8581471849029363,2.96,-0.10999999999999988
1993-05-01,-1.8690596691938621,-0.06761701315376456,-0.37915803418799854,0.27777795639023495,-1.7563954629325806,3,0.040000000000000036
1993-06-01,-4.057582720729558,-0.5254790973927115,0.22526473495334542,0.06932409289763797,2.5372603421359052,3.04,0.040000000000000036
1993-07-01,-6.3804439642350275,0.9050424023401504,0.2693116497312964,0.13850417726617437,-1.0655243278173465,3.06,0.020000000000000018
1993-08-01,-0.42974307915262244,-0.4484719417364502,-0.12064683528301146,0.20739723991294312,0.25134412829146413,3.03,-0.03000000000000025
1993-09-01,-3.2464991840069235,0.7852636839629668,0.5291488315735116,0.1380262468957838,2.8470115526129547,3.09,0.06000000000000005
1993-10-01,3.802351764171208,1.0030283501208714,0.7303652422303131,0.4129393342011234,-0.40457312780128873,2.99,-0.09999999999999964
1993-11-01,-8.650802574652827,0.4829914918298428,0.45590055532489515,0.2743485945750912,1.6810747101778212,3.02,0.029999999999999805
1993-12-01,-13.978198615650461,-0.23890814571476682,0.590527084702952,0.20526863177421362,-1.5489179136932485,2.96,-0.06000000000000005
1994-01-01,3.1104603567448486,2.6539667333038253,0.28736794669281807,0,0.7656400783664807,3.05,0.08999999999999986
1994-02-01,-1.7485842688776287,-1.138461799611612,0.05827318302769058,0.2730377122857064,3.001091352887908,3.25,0.20000000000000018
1994-03-01,-0.8143009927795042,-0.19407994060198774,1.0149890606631295,0.2722942458456501,-3.216172950567131,3.34,0.08999999999999986
1994-04-01,8.395124965209888,-0.37212698082598195,0.5896138042652765,0.06795786873841081,-5.651518930020494,3.56,0.2200000000000002
1994-05-01,10.724941804602484,0.28483229475515515,0.4590495958547436,0.20359694850986543,3.161905565224643,4.01,0.44999999999999973
1994-06-01,5.7554270073565394,0.7032673495775299,0.6728449687136262,0.2708193936879155,1.012475765948917,4.25,0.2400000000000002
1994-07-01,2.621453223306691,-0.19570949726581688,0.13295056794984106,0.33749610165259014,-2.52936986708141,4.26,0.009999999999999787
1994-08-01,-5.869913505814761,-1.3927020248358346,0.6681857512926825,0.4034975212179326,3.2652446562271287,4.47,0.20999999999999996
1994-09-01,-6.040997477363552,1.7363968272229968,0.3140549261551939,0.20113985996852435,2.603500441394857,4.73,0.2600000000000007
1994-10-01,1.2982521014754944,0.9233040970965334,0.801293123785829,0.06695681535724418,-2.445281937784838,4.76,0.02999999999999936
1994-11-01,1.6907246814704457,0.05864572903604426,0.6812622956685388,0.2673798384402737,1.4363417071708184,5.29,0.5300000000000002
1994-12-01,-4.501805263998815,0.7956065558605729,1.0166425922232492,0.20006675562962428,-4.252062996701778,5.45,0.16000000000000014
1995-01-01,3.70264027177285,-0.7533089603928289,0.1700536197938085,0.2661345549514138,2.2445072799441412,5.53,0.08000000000000007
1995-02-01,2.853839781074008,0.7375136014589501,-0.11286873050115886,0.26542815848733525,2.429358275056437,5.92,0.3899999999999997
1995-03-01,-0.306426519197478,-0.8535396419423691,0.16603011582869698,0.1986097971629519,3.190480367135784,5.98,0.0600000000000005
1995-04-01,6.582323987462191,0.6913037206928152,-0.17277257902161836,0.3960401216096976,3.281309514122821,6.05,0.0699999999999994
1995-05-01,-0.44925930004411363,-0.7775034937468561,0.4898906985118856,0.19743343037168515,2.4427710706668826,6.01,-0.040000000000000036
1995-06-01,-7.193634111997005,-0.6770247555515141,0.3308851432203497,0.19704439872993973,3.6711314989998023,6,-0.009999999999999787
1995-07-01,-6.725715180872616,1.6724232495731073,-0.41898927401060604,0.13114755978103076,2.5173063677952356,5.85,-0.15000000000000036
1995-08-01,3.9343151361699746,-0.08532039500170896,1.3169322992450994,0.19639940846598591,2.268037424337521,5.74,-0.10999999999999943
1995-09-01,0.5873178044980776,0.4270508055162381,0.4025176187479218,0.13071897286218714,0.7476824897514334,5.8,0.05999999999999961
1995-10-01,-4.5336392991595975,-0.8118756617410128,-0.17591074109057914,0.2609264363613306,3.1218611009655284,5.76,-0.040000000000000036
1995-11-01,2.6453875549313555,1.194655911622533,0.26320058946325275,0.13020835172987688,0.42883921247218737,5.8,0.040000000000000036
1995-12-01,5.464686207423863,-0.1172648485995964,0.3464824423083712,0.13003903002832828,3.8218235338033146,5.6,-0.20000000000000018
1996-01-01,0.37556530971660784,0.2749865906496396,-0.5740078791367509,0.5184716734186523,2.240036390468969,5.56,-0.040000000000000036
1996-02-01,-1.2463772327214073,0.9229614327306734,1.4529159926465418,0.1937359340226763,2.8162887782330337,5.22,-0.33999999999999986
1996-03-01,10.404285110387024,-0.4412936893182007,-0.12250426290405514,0.32206147000417573,0.9214026609847714,5.31,0.08999999999999986
1996-04-01,11.308663116633543,-0.35414331487864104,0.9901218260520928,0.38510959020978675,1.442130459367963,5.22,-0.08999999999999986
1996-05-01,-11.317050853766752,-0.620929248469082,0.7445583622923913,0.19200005898243333,0.12994423986532055,5.24,0.020000000000000462
1996-06-01,-3.7514115504343692,0.8683846861259781,0.7593378241184112,0.19163212507642413,1.9815171174626833,5.27,0.02999999999999936
1996-07-01,4.729717665117361,0.42694448871429813,0.015374603570972312,0.1912655986332723,1.2206546843238186,5.4,0.13000000000000078
1996-08-01,1.1235775044910579,-0.2033374627345097,0.5105235284575294,0.12730746467983778,-3.901239102258547,5.22,-0.1800000000000006
1996-09-01,9.414159109020591,0.39131199576480924,0.6239632118214544,0.31756139738865485,0.7204456881782839,5.3,0.08000000000000007
1996-10-01,3.9759483352473035,0.331995503831628,0.029609405001806977,0.31655613645611425,5.114978080310184,5.24,-0.05999999999999961
1996-11-01,-5.236599273080467,0.8783104704754408,0.9144785172068737,0.31555721988096863,2.1094226606225064,5.31,0.0699999999999994
1996-12-01,5.506136239113357,0.8664213050165515,0.6386648092456149,0.25173078113773784,7.233021349492308,5.29,-0.019999999999999574
1997-01-01,-0.2280735165232084,0.2779715732563304,0.15838703738682014,0.18838310123738822,-2.6180365611628176,5.25,-0.040000000000000036
1997-02-01,-12.91363973071502,0.4185037868086994,1.1867816799596476,0.188028886485192,6.528361589098175,5.19,-0.05999999999999961
1997-03-01,-5.577082620088691,-0.6263569643602196,0.6326080160110159,0.06259781112074592,1.0846882926152546,5.39,0.1999999999999993
1997-04-01,-6.608560562125554,1.320904406361656,0.11715145153683437,0.06255865077342548,-4.588731655634071,5.51,0.1200000000000001
1997-05-01,5.34780880823611,-1.0393732792937982,0.5524360977567255,0,4.992791795296814,5.5,-0.009999999999999787
1997-06-01,-7.746705799504339,-1.3706025014947443,0.4585436547763777,0.18744147943507983,5.817220961810676,5.56,0.05999999999999961
1997-07-01,1.7810345837628194,1.2504953046788003,0.8505942659710719,0.12476607981550814,5.14333461169274,5.52,-0.040000000000000036
1997-08-01,1.6711545671483918,1.2034073461533623,0.9954946093585271,0.24906613124517918,6.106880317732077,5.54,0.020000000000000462
1997-09-01,-1.9138908232799068,0.3300943965573566,0.9117575456573768,0.24844733276614406,-2.086787043938898,5.54,0
1997-10-01,7.970894839219023,1.6082791334273594,0.8827849981996039,0.18593125901835705,2.9561477057049146,5.5,-0.040000000000000036
1997-11-01,-5.966601943343308,-0.5273398307924282,0.7844288895028306,0.12376239203497619,-1.733572048826737,5.52,0.019999999999999574
1997-12-01,-8.731322369744321,-0.21072299735926947,0.424944358291679,0.061823804133087634,3.7396746646395584,5.5,-0.019999999999999574
1998-01-01,-9.200053992225987,1.157164898295271,0.43737842759465906,0.1235330607991969,0.02769074916599834,5.56,0.05999999999999961
1998-02-01,-4.742530029556491,0.822459165815026,0.1617489618268131,0,2.65460194585474,5.51,-0.04999999999999982
1998-03-01,-6.6949062182627195,-0.21873786234714032,0.03515910121256738,0,4.5328025033101405,5.49,-0.019999999999999574
1998-04-01,2.3101495065871003,-0.6337946364867619,0.34253831806134727,0.1233806448929009,5.609474148319116,5.45,-0.040000000000000036
1998-05-01,-2.679835694719701,-0.9182417374820062,0.6569712533411654,0.2463055432397887,1.152916383510938,5.49,0.040000000000000036
1998-06-01,-9.614004864807457,-0.07039335906480204,-0.6016655286145145,0.12292564547298213,-2.7144787115283897,5.56,0.0699999999999994
1998-07-01,3.561164806774064,-0.5004061073812238,-0.3852986693513749,0.24539889615660115,5.143267787752759,5.54,-0.019999999999999574
1998-08-01,-5.255512558368602,-1.8296842178184392,2.0491901058277584,0.12247398958962208,-3.1953286504073475,5.55,0.009999999999999787
1998-09-01,9.077918314772182,-0.25014768671010046,-0.05323279149607174,0.061180791140547086,-11.231227563856994,5.51,-0.040000000000000036
1998-10-01,-1.12840834225989,0.8086539394154713,0.6812999094851335,0.24434954124759045,-0.7946922917561494,5.07,-0.4399999999999995
1998-11-01,-12.388123273388008,1.3650661072027503,-0.07584271645324492,0.12195123462612756,11.95038471311598,4.83,-0.2400000000000002
1998-12-01,-14.344342820603595,0.2723402302569511,0.45201495934508173,0.1826484526034733,5.570604508438759,4.68,-0.15000000000000036
1999-01-01,9.39721873773367,-0.41175691810924064,0.43112451049784895,0.1823154561514606,4.396179774705455,4.63,-0.04999999999999982
1999-02-01,-3.036753661639624,-0.07474724683955714,0.6063079650347802,0,3.5908079820606176,4.76,0.1299999999999999
1999-03-01,18.101989081949952,-0.5353511129577271,0.22660526894453525,0.060698029177697066,-2.9366491429598796,4.81,0.04999999999999982
1999-04-01,17.172328319910292,-1.7964795010604107,0.22959860915063857,0.6652579721027507,4.55119385657623,4.74,-0.0699999999999994
1999-05-01,2.9181970197383222,-1.1806295477697404,0.6302647258385363,0.060259116014460545,4.6006591205721925,4.74,0
1999-06-01,0.16915707444900008,-0.1706773468050926,-0.07846779120086467,0,-4.558924711928114,4.76,0.019999999999999574
1999-07-01,11.163261690307369,0.9330815233335343,0.5769502318011099,0.42080014002046084,6.483977040485378,4.99,0.23000000000000043
1999-08-01,5.937840160866337,0.20895860385827802,0.4007243163624885,0.2396645844600087,-3.906714348806428,5.07,0.08000000000000007
1999-09-01,9.540881805984691,-0.32524420145207955,-0.4045261045452442,0.41803584317579023,0.22713519997585863,5.22,0.14999999999999947
1999-10-01,-1.9882388621885516,0.9886297749238437,1.2148883898799312,0.17862463814637408,-3.6930059784392455,5.2,-0.019999999999999574
1999-11-01,8.51920830555246,0.6434682173447115,0.48356761014245464,0.1783061393656027,5.409876331955044,5.42,0.21999999999999975
1999-12-01,3.5175927467414603,-1.0265546349389254,0.7683533835146861,0.23724803536309125,3.1690523418582472,5.3,-0.1200000000000001
2000-01-01,4.134383150905951,0.27498876566927066,-0.13689853853140477,0.29577069772326325,4.031475514218208,5.45,0.15000000000000036
2000-02-01,6.640795172571301,1.1069056776719322,0.31184257109906355,0.4126147911172495,-3.2078115349731817,5.73,0.28000000000000025
2000-03-01,1.6470834489665132,0.2743957698459809,0.354941252967933,0.5865119452398204,-2.158262862382987,5.85,0.11999999999999922
2000-04-01,-14.739336921922819,0.7659256376037149,0.5934581411047191,-0.05849663811146044,8.794086156995462,6.02,0.16999999999999993
2000-05-01,10.593222451520523,0.5991383098754355,0.27040320534066353,0.17538735860958,-2.536597398624618,6.27,0.25
2000-06-01,8.980275777593171,-0.5327456241724704,0.039045672638238216,0.582412828598855,-1.3328645150630258,6.53,0.2600000000000007
2000-07-01,-5.823404172188185,1.0864820043783752,-0.19527324535886237,0.289939315900245,1.420688296086503,6.54,0.009999999999999787
2000-08-01,2.805001587777678,0.8054361187159742,-0.272663339275514,0,-2.162667229713744,6.5,-0.040000000000000036
2000-09-01,8.883947651174594,-0.08883503691414774,0.46040830248808007,0.519781707361755,5.589401744716671,6.52,0.019999999999999574
2000-10-01,-2.0262276863326933,1.1193338799705188,-0.3893384717707171,0.1726619133987306,-5.719518704816018,6.51,-0.009999999999999787
2000-11-01,3.2389111418247074,1.2551284835957688,0.027960447484520756,0.17236430581650808,-1.050597426608224,6.51,0
2000-12-01,-15.785479918782276,-2.179756795902321,-0.32683707203071677,0.2293578987099032,-7.750409663796987,6.4,-0.10999999999999943
2001-01-01,0.44585413741142776,0.5117156963203584,-0.47708693509234124,0.5711037795514962,-2.460001744418694,5.98,-0.41999999999999993
2001-02-01,-0.02537498063535093,-0.8837316677510643,-0.6534765134370346,0.22753138371349735,6.79288399902731,5.49,-0.4900000000000002
2001-03-01,-8.406670999854837,0.7939304497107003,-0.20524117552422894,0.05680204640086117,-10.123755525212275,5.31,-0.1800000000000006
2001-04-01,0.3771339343641378,-1.039356374259448,-0.3596380672338917,0.17021280705309394,-7.993863817114111,4.8,-0.5099999999999998
2001-05-01,3.5558237266685166,-1.2151955099136913,-0.47873447856305873,0.5089069507471677,10.004559886494935,4.21,-0.5899999999999999
2001-06-01,-3.276316057014439,-2.441782836057449,-0.5294243917338015,0.2253522080443382,-0.4566407889312174,3.97,-0.23999999999999977
2001-07-01,-4.740674173727966,3.5376435817061846,-0.6424803271452895,-0.1689665285127262,-1.918067051023975,3.77,-0.20000000000000018
2001-08-01,3.3119306086391465,0.16848652886647386,-0.11484395650906976,0,-1.695342974651215,3.65,-0.1200000000000001
2001-09-01,-4.351028624807607,-1.0209976805560572,-0.5077876004763837,0.39381204201376363,-7.069328809694397,3.07,-0.5800000000000001
2001-10-01,-16.334303975472196,-0.05792092154397466,-0.27452194543418074,-0.2811359737546759,-8.69904156176613,2.49,-0.5799999999999996
2001-11-01,-11.66579215452166,-0.1931408898835585,-0.6065460085318719,-0.05632216425990322,4.292457060934485,2.09,-0.40000000000000036
2001-12-01,-1.266820616962816,0.122596647893225,-0.04275098074009165,-0.056353903999184496,4.137902767534829,1.82,-0.2699999999999998
2002-01-01,1.2047513344401128,-0.6324549238483357,0.6633064841170544,0.1689665285127262,2.168547208236138,1.73,-0.09000000000000008
2002-02-01,2.8181009840410276,0.209363479740432,0.011522468260949381,0.1686815131479058,-2.8523626099033805,1.74,0.010000000000000009
2002-03-01,16.228536103779767,-0.9020723047207468,0.7212332694923163,0.2805050927608299,0.8500639665551368,1.73,-0.010000000000000009
2002-04-01,7.579479575353543,-1.33309050112409,0.4871002165678817,0.447177939139376,1.2957105079877351,1.75,0.020000000000000018
2002-05-01,3.4320466990383602,1.2325702780980663,0.40096284673607485,0.11148273172461032,-5.382407694887181,1.75,0
2002-06-01,-5.69313554675055,0.06635607587313075,0.8215019236447851,0.05569479397662391,-4.305027136597417,1.75,0
2002-07-01,5.192501748351752,1.3568249559739343,-0.03219706394999022,0.22246950221109785,-7.172630149921755,1.73,-0.020000000000000018
2002-08-01,4.364484855972495,-0.40584956292928354,-0.11111535235635017,0.2773926882725597,-9.070001469337186,1.74,0.010000000000000009
2002-09-01,4.506871725457717,0.06401310384394066,0.08486486965990636,0.16606701851404893,-0.7533965380186025,1.75,0.010000000000000009
2002-10-01,-1.1724118675546347,2.088152706734725,-0.20848363369347922,0.22099456508026805,-3.489492825213336,1.75,0
2002-11-01,-10.175568794349221,0.31191338578899774,0.558657591731837,0.16542600960258724,6.068641948287912,1.34,-0.4099999999999999
2002-12-01,10.287845414264197,-1.0092984960108353,-0.5576627290919234,0.16515280384732378,3.658287456402576,1.24,-0.10000000000000009
2003-01-01,10.558178299344645,3.944780906707024,0.848540572389922,0.43907864174901334,-2.7665631296448723,1.24,0
2003-02-01,8.307124258084597,1.8873073106307814,0.11874209279270076,0.5461510025521754,-5.507370758719965,1.26,0.020000000000000018
2003-03-01,-6.639416486230254,0.053420842490403686,-0.2631971347628159,0.16326534238855217,-3.010027045083419,1.25,-0.010000000000000009
2003-04-01,-15.22716688184762,-1.9281802384774949,-0.5974715309085887,-0.38136793702454597,2.795920974400534,1.26,0.010000000000000009
2003-05-01,-3.1220445254027895,-0.2669847078013987,-0.027277943080949996,-0.16388968432101692,6.518044778117282,1.26,0
2003-06-01,9.637013688178108,-0.26895913263160764,0.12771147115513415,0.10928962836445066,5.385468680421646,1.22,-0.040000000000000036
2003-07-01,-0.03432807615264544,0.6528037443862544,0.5125135550598792,0.3271540540615625,1.5718632855004522,1.01,-0.20999999999999996
2003-08-01,1.4960147634651255,0.6569086198943808,-0.2184157819974608,0.43454712595014655,-0.2211482223369643,1.03,0.020000000000000018
2003-09-01,-10.620240427994831,-0.05667102930591028,0.6426751702139022,0.32467560988704847,4.180133033954281,1.01,-0.020000000000000018
2003-10-01,6.603897746114518,1.8186476028278165,0.12308567584176089,-0.10810811863732894,-0.3695721415406972,1.01,0
2003-11-01,2.5596051028531353,0.5766642760624663,0.6682592049196856,0.05406866852455394,3.928799459803134,1,-0.010000000000000009
2003-12-01,3.060035709988429,0.8203813718841602,0.02959460294098548,0.269905696916517,1.0426816530414662,0.98,-0.020000000000000018
2004-01-01,5.5329945771354305,-0.6460078011958359,0.1520626219034149,0.43033955600533247,3.5218902736601443,1,0.020000000000000018
2004-02-01,1.821660530303415,-0.07751923332826038,0.601430610916065,0.2144772940133599,2.387201829971186,1.01,0.010000000000000009
2004-03-01,5.819646212023466,0.7322587179990236,-0.4008755848768253,0.21401827323677125,1.8078084820677631,1,-0.010000000000000009
2004-04-01,-0.9767669101746534,-0.5630203890694574,0.37074991758068165,0.160213652427732,-2.080360901320155,1,0
2004-05-01,9.182023147228868,0.5959538344335158,0.7197750706737338,0.4259857346958107,-1.3051093818364556,1,0
2004-06-01,-5.177060619384011,1.9554451638997605,-0.7832838806188569,0.3712547356184537,0.33144065778216714,1.03,0.030000000000000027
2004-07-01,4.476299829145547,0.44076671546768864,0.7443879683666665,0.10582011569475469,0.6879590719575113,1.26,0.22999999999999998
2004-08-01,11.628626025203715,-1.3779266232443632,0.06709667193680602,0.05286809533657788,-1.996876719409446,1.43,0.16999999999999993
2004-09-01,-1.340218897867329,0.5983739739450655,0.12701843581544026,0.31662295580501265,-0.06417639105151807,1.61,0.18000000000000016
2004-10-01,15.897362113694635,0.9591383699547151,0.8495312737233363,0.5254872838358793,2.287562971786894,1.76,0.1499999999999999
2004-11-01,-8.9425171307004,0.06354134046162585,0.24803554509942316,0.47058910374122576,-0.08753191129260429,1.93,0.16999999999999993
2004-12-01,-10.281607251495316,-0.48762376303645993,0.7936241000935595,0,5.2435034358441435,2.16,0.2300000000000002
2005-01-01,6.994191514095371,-0.732845829624651,0.35900791158702816,-0.052178451483886334,0.8949451744017622,2.28,0.11999999999999966
2005-02-01,2.405166624295485,1.0878478923780577,0.7232846062771081,0.4166672694846163,-1.0595938488828338,2.5,0.2200000000000002
2005-03-01,11.008257913612706,-0.05189974432440181,-0.1352179779617657,0.36316512028626846,1.7501758835489767,2.63,0.1299999999999999
2005-04-01,-1.7099063709758777,0.735548328220581,0.21501954438223336,0.3102380978481811,-3.1462769809051494,2.79,0.16000000000000014
2005-05-01,-6.732268639529404,0.3297218782241984,0.08997205268519437,-0.05163955704734491,-0.9216031625621568,3,0.20999999999999996
2005-06-01,11.269735381318036,-0.8178547026156835,0.44875291574637544,0.05163955704734491,3.3889451289612182,3.04,0.040000000000000036
2005-07-01,4.9874244829750225,0.09945124156764962,-0.3171466288216962,0.6176036100564275,-0.6492416037707116,3.26,0.21999999999999975
2005-08-01,8.39251346635088,0.12839221593221595,0.3253788346562203,0.6138126688785661,3.3676903731483243,3.5,0.2400000000000002
2005-09-01,0.9032766272269344,-1.7425184401481886,-1.9563828769546099,1.3674561020173392,-1.1201050052851436,3.62,0.1200000000000001
2005-10-01,-5.654479632619802,0.9034357944166516,1.2064329407210472,0.15079168476770377,0.4174336328604866,3.78,0.1599999999999997
2005-11-01,-5.814712865535876,0.9242032255061261,1.117751662149491,-0.5035257365645585,-1.9708673290137924,4,0.2200000000000002
2005-12-01,0.9684894322640414,0.16075414224250295,0.5151693564231508,0,5.019232936834239,4.16,0.16000000000000014
2006-01-01,9.135929499787277,-0.4707159258842353,0.15766002009156566,0.6039273514243604,0.32603570518245917,4.29,0.1299999999999999
2006-02-01,-4.680983337530065,0.6366665889908418,0.04215001803382634,0.05016303089888652,1.0708467651390663,4.49,0.20000000000000018
2006-03-01,0.37846672461046005,0.16502147651760168,0.22521146597460628,0.1503382894031624,0.6822911391519249,4.59,0.09999999999999964
2006-04-01,9.889406504284516,-0.9821789278920079,0.30320784432706915,0.4995015380522716,0.5075284245871003,4.79,0.20000000000000018
2006-05-01,1.627509481059941,-0.4536137627113135,0.025411455641144443,0.298507684345406,0.5670305482811777,4.94,0.15000000000000036
2006-06-01,0.11863656482626883,0.565436215753401,0.31614092164247154,0.24807752737627808,-1.5037514593768897,4.99,0.04999999999999982
2006-07-01,4.13206244498403,1.3366833580409576,-0.051274650553168044,0.5436138912259914,-0.43026059137751815,5.24,0.25
2006-08-01,-1.4417855549766934,-1.3063793651220124,0.4379138878333855,0.4425873956855675,-0.7267376407196657,5.25,0.009999999999999787
2006-09-01,-12.102263081487186,-0.09237237623125338,-0.16629623569395235,-0.4918849071596121,3.1056757727466078,5.25,0
2006-10-01,-9.312757964438134,0.22631805065636001,-0.11474759561265202,-0.44477463982364185,1.5373050942239175,5.25,0
2006-11-01,-1.0728930166688855,-0.1661270168357376,-0.04204326283367976,0.049517208241312005,2.7040072594448183,5.25,0
2006-12-01,5.332645530624336,-0.5755321535341196,1.0141747096689357,0.543077118513402,2.090847956695363,5.24,-0.009999999999999787
2007-01-01,-13.311302968101613,0.40566912208586103,-0.33888659943164257,0.16579060562325054,1.4140174033014041,5.25,0.009999999999999787
2007-02-01,7.207908338624369,0.620231993557141,0.9378469307674386,0.38708491335395223,2.04999714736811,5.26,0.009999999999999787
2007-03-01,2.92444973477326,-0.2701045445215655,0.17786154493029116,0.5186647493199636,-3.0025594554510704,5.26,0
2007-04-01,5.09928443037817,0.05139813135670579,0.6700319901752572,0.2996169481998656,1.5122014628814462,5.25,-0.009999999999999787
2007-05-01,-0.9928869767044768,-0.5364963571619086,0.0955921474810495,0.41244766569237257,4.243383437373627,5.25,0
2007-06-01,4.845202221791323,-0.3249089456490495,0.05768477837078123,0.23140721794590036,3.3113099124609136,5.25,0
2007-07-01,9.493046248435144,1.0733478647406258,-0.12002567099926864,0.1779012466680996,-1.106764227194823,5.26,0.009999999999999787
2007-08-01,-1.2464361858043338,-1.25662949147749,0.19240393848489745,0.03082332001183019,-3.592726920440281,5.02,-0.2400000000000002
2007-09-01,8.698811274016116,0.4914646580257198,0.2220126784417964,0.4228600245438585,1.5978781262263375,4.94,-0.07999999999999918
2007-10-01,5.834271687462089,1.6269194513045093,-0.2824061214514728,0.30784944010990856,3.795664106756913,4.76,-0.1800000000000006
2007-11-01,10.241600695214437,-0.7198016768926507,0.5320711796714228,0.7828164082873457,-2.5267487631462693,4.49,-0.2699999999999996
2007-12-01,-3.4884529084596716,0.5521874422054651,0.034876070631284506,0.28938234029487475,-2.4168629829939725,4.24,-0.25
2008-01-01,1.58965899314224,-0.2836770831510904,-0.13243734009682484,0.3441775367173605,-1.730429678598,3.94,-0.30000000000000027
2008-02-01,1.3507304391678243,0.1270926618278878,-0.3929670898134674,0.2414908637454083,-3.640756203493467,2.98,-0.96
2008-03-01,10.300969523477354,0.296033049144917,-0.3050488801082274,0.357164189274517,-4.700954856952055,2.61,-0.3700000000000001
2008-04-01,5.17654785828312,-0.7481728924865649,-0.6472955790125745,0.23117069655080869,2.875622911967035,2.28,-0.33000000000000007
2008-05-01,10.348785525968474,0.40807857432643146,-0.6076205184033512,0.5900052068123607,2.8179328174630314,1.98,-0.2999999999999998
2008-06-01,6.077465019524498,0.028478088989025707,-0.23354873224965544,1.0423718797166082,-1.6937676550826453,2,0.020000000000000018
2008-07-01,1.0396997227497873,1.0073203040656509,-0.3580204065057657,0.7116065393504734,-7.549510530988712,2.01,0.009999999999999787
2008-08-01,-14.08024057216155,-1.4491250617108875,-1.582441580561067,-0.14895846082954023,-1.9330934644572473,2,-0.009999999999999787
2008-09-01,-11.786416591474257,-1.3461539242834775,-4.504760056956236,0.0854726299673203,1.3609860106810423,1.81,-0.18999999999999995
2008-10-01,-28.296297249761416,1.3383772699006258,0.9892320608246408,-0.863561639955801,-9.56341976142081,0.97,-0.8400000000000001
2008-11-01,-29.847026630675067,-0.21046097446717482,-1.3288653060593347,-1.7864094092818306,-18.361437804234004,0.39,-0.58
2008-12-01,-33.0237865107802,-1.040566736726234,-2.8604196853907915,-0.8267605054081528,-16.880263065646606,0.16,-0.23
2009-01-01,2.1259955045550782,-1.458957671077421,-2.525918032014296,0.2527574332266802,13.244648456617014,0.15,-0.010000000000000009
2009-02-01,-7.059213112964446,0.5369660928996822,-0.6104174649481209,0.36360422314452023,-12.120160582816997,0.22,0.07
2009-03-01,20.533562523897242,-0.227868142955856,-1.5779695625957935,-0.09877705412728588,-16.36654919753715,0.18,-0.04000000000000001
2009-04-01,3.5734344819252195,0.3905449203555733,-0.8325115063071209,0.1006575752197314,14.611562549207147,0.15,-0.03
2009-05-01,15.025895880560093,-0.5480799983512696,-1.0150910930024182,0.14704123326474416,7.873305538966413,0.18,0.03
2009-06-01,17.75134173223707,0.18101064217077578,-0.3775936043751038,0.826535985544119,7.18286406907902,0.21,0.03
2009-07-01,-6.906470691740174,1.3119875263914338,1.1226962849123723,-0.0298009855155712,-2.0941691143819163,0.16,-0.04999999999999999
2009-08-01,8.820506721115763,-0.7377341353777211,1.090728111774819,0.3342859790879338,8.239511254664134,0.16,0
2009-09-01,-2.1242321028525524,0.5984215607545806,0.8775750967465079,0.1929025466836265,-0.45884978012296074,0.15,-0.010000000000000009
2009-10-01,6.6778993302877065,0.6191524216985655,0.26918316470805337,0.2997434998585291,3.137508219127394,0.12,-0.03
2009-11-01,3.804583381666471,0.16727135046714636,0.43287252217618644,0.3342996544930976,1.2572984487177585,0.12,0
2009-12-01,-5.645654187007043,-0.4100064991408914,0.40498600148737296,0.05200411547976458,6.134632598411915,0.12,0
2010-01-01,6.130014917169335,0.24808463034293737,1.084063847904826,0.06485218758465194,2.152769992903014,0.11,-0.009999999999999995
2010-02-01,-2.3969971622939568,0.42417396785321415,0.3745944091096298,-0.09522298767450366,-3.9425900332955344,0.13,0.020000000000000004
2010-03-01,5.721202185335683,0.3308909274913674,0.6833361127325688,0.03313132458968582,2.4056691619073867,0.16,0.03
2010-04-01,3.637126001985136,-0.33149743580072055,0.3386556200029922,0.023001407787592854,5.441201199831536,0.2,0.04000000000000001
2010-05-01,-12.997297555562238,-0.02707472760246077,1.3418531682922286,-0.051990716457517294,2.0300176454650654,0.2,0
2010-06-01,1.7625921215436158,-0.4922512776152743,0.18475022092525606,-0.04188828777280662,-11.588118366134736,0.18,-0.020000000000000018
2010-07-01,1.4655238513222146,0.33725707375076297,0.3789845743598974,0.18675086613582081,-4.131980939014657,0.18,0
2010-08-01,0.702484001138659,-0.16982510615246582,0.365793559629779,0.14602967272390188,9.154504110126283,0.19,0.010000000000000009
2010-09-01,-3.290569340416516,0.418819061811071,0.294342526586977,0.1613946310657255,-4.1317615281832865,0.19,0
2010-10-01,8.195842321518843,0.4492055038145537,-0.2837691245095364,0.3475798701795263,5.925745216118283,0.19,0
2010-11-01,3.2318624691253572,0.4376090549794043,0.08691845526112019,0.2530636859233937,3.27324231078423,0.19,0
2010-12-01,5.0828245497953395,0.12118409699262145,0.9737829134778053,0.4008531438849161,1.8147660166152768,0.18,-0.010000000000000009
2011-01-01,-0.009066403778656973,1.0086158165664827,-0.21083561409289686,0.3237794880806,5.312115939363338,0.17,-0.009999999999999981
2011-02-01,-0.8836162816842519,-0.5760022705604939,-0.39787481289410565,0.3209319251425313,2.7697467502481032,0.16,-0.010000000000000009
2011-03-01,13.801586547804268,-1.3979618794651927,1.0348991071804647,0.5160211385656588,-0.09640768660643673,0.14,-0.01999999999999999
2011-04-01,5.657987524394237,-0.20803348266955624,-0.323549938184442,0.4683116049055691,1.9767712980931051,0.1,-0.04000000000000001
2011-05-01,-7.862289294117863,-0.8521401214728996,0.12053529354325576,0.3176663791119694,2.1391976716738093,0.09,-0.010000000000000009
2011-06-01,-3.4514021092742375,1.0659497953792396,0.30203149621863545,0,-3.488689604687867,0.09,0
2011-07-01,-0.9933590656488911,0.5283425012386544,0.4915055867338758,0.2616610518663798,1.8928908894792151,0.07,-0.01999999999999999
2011-08-01,-11.985998049093693,0.6148533151371538,0.6728443816048646,0.31494972889110073,-4.015608582897556,0.1,0.03
2011-09-01,-0.30995342602814224,-0.8267384031542591,-0.08274225944706615,0.21691934558836223,-6.62691021980315,0.08,-0.020000000000000004
2011-10-01,-0.032600043769803744,0.7688397498460731,0.6916436587234287,0.06749796769751626,-9.138824283126468,0.07,-0.009999999999999995
2011-11-01,11.472139958078742,1.2949603345878913,-0.008659124192433865,0.18461448804947267,10.283013505158234,0.08,0.009999999999999995
2011-12-01,2.1367624385691175,0.4665777600626697,0.5292261901561623,0.023768024196879622,2.1358036321227125,0.07,-0.009999999999999995
2012-01-01,1.5448138102989173,0.22148416999492326,0.5946556615738174,0.2720492157261667,2.576251865514312,0.08,0.009999999999999995
2012-02-01,0.5692469679277612,0.2894901891314916,0.3210503784291774,0.21351650368677255,3.6164798271894227,0.1,0.020000000000000004
2012-03-01,4.5890178083029305,-0.1400564730948517,-0.5191174823684364,0.20912821313983088,3.7066263742310923,0.13,0.03
2012-04-01,-3.0771464272834392,0.4114709396525029,0.7167758505782551,0.1659410766074565,3.218894520944815,0.14,0.010000000000000009
2012-05-01,-6.958954123566663,-0.9081138352511786,0.23065483365494188,-0.2070321770282213,-0.9359889946289002,0.16,0.01999999999999999
2012-06-01,-14.317896048282375,-0.26713826518829364,0.005529183852992503,-0.08267047975740738,-9.529303929266852,0.16,0
2012-07-01,5.203139600596785,0.3326442618305947,0.20967842001429204,0.028876823050083544,6.620030744676431,0.16,0
2012-08-01,6.060432160134477,-0.02668046437932503,-0.428827046970337,0.5792717743123177,0.71583998798328,0.13,-0.03
2012-09-01,0.4375474028230131,-0.7524210982396085,-0.0733960055224081,0.47599198634582507,2.130816328092955,0.14,0.010000000000000009
2012-10-01,-5.177944974328874,0.8031628797606771,0.346796328918586,0.2693164754400179,2.77617557869414,0.16,0.01999999999999999
2012-11-01,-3.866008653350095,0.6960991039626663,0.366093862814143,-0.168075617407748,-1.1768627425064793,0.16,0
2012-12-01,1.4927672208719822,-0.15231178840213744,0.23667469005932418,-0.012108893564644063,-1.2781059306787412,0.16,0
2013-01-01,6.702163730136279,-0.7363102678080935,0.02451126233573575,0.19788297664797838,3.6886003225669484,0.14,-0.01999999999999999
2013-02-01,1.7397840852348856,-0.27925841418845465,0.46660051793319113,0.5415237848954924,3.4114189264058403,0.15,0.009999999999999981
2013-03-01,-3.1117929245965126,0.2706072210692412,0.4020487651326121,-0.28158799739523843,0.33185733518763527,0.14,-0.009999999999999981
2013-04-01,-1.0243652121267544,0.5551481098507338,-0.08633445250438854,-0.20901621343405452,2.8550518014817783,0.15,0.009999999999999981
2013-05-01,2.6755386688416927,-0.17588890950683833,0.07806732341153477,0.04140697507883928,1.3056310052448339,0.11,-0.039999999999999994
2013-06-01,1.2136768674720355,0.07056830854388352,0.20727838311218605,0.23775795219549423,3.582011489281278,0.09,-0.020000000000000004
2013-07-01,8.556908902389182,0.669231296949846,-0.310675204574995,0.1955538987195915,-1.5642169020630092,0.09,0
2013-08-01,1.440672817191524,-0.3182266104326814,0.576546223913077,0.23844456313710793,5.5351116672816225,0.08,-0.009999999999999995
2013-09-01,0.2535156948350381,-0.6122316760746926,0.5071694571082475,0.03768736661315941,-4.010528104140398,0.08,0
2013-10-01,-5.231724821521377,0.3648179916430294,-0.07890413557394282,0.05350878634899914,3.3126740822871703,0.09,0.009999999999999995
2013-11-01,-7.148503093809666,0.39205841370311134,0.23333600077277694,0.18427904455773358,3.856246084163839,0.08,-0.009999999999999995
2013-12-01,3.0586352575366793,0.5502516701492155,0.20086317141130294,0.2640679493365994,2.204135182630651,0.09,0.009999999999999995
2014-01-01,-2.878772653350925,0.2864987546782771,-0.3563932744874876,0.24212417175748513,1.711078500014196,0.07,-0.01999999999999999
2014-02-01,5.861448819421666,0.6274933036468866,0.7528506037616012,0.11001732077007276,-5.042659946387484,0.07,0
2014-03-01,-0.36266454286961736,-0.8258284457209442,0.9638605074811402,0.2039973140249174,5.790411357630543,0.08,0.009999999999999995
2014-04-01,1.3403518238876089,-0.26468183592367467,0.09672024963487402,0.18624501675628125,2.13288026716123,0.09,0.009999999999999995
2014-05-01,-0.39558922019695686,0.22225963874902277,0.382432097151586,0.19011974817404464,-0.09763164229594778,0.09,0
2014-06-01,3.408848018841759,0.38926124288671815,0.34263137889523065,0.13202602787965034,2.1683029121745356,0.1,0.010000000000000009
2014-07-01,-1.9346200800864688,0.3259346327871171,0.22187855179991445,0.11248524027509532,2.4807008246325424,0.09,-0.010000000000000009
2014-08-01,-6.200015590388563,0.4256765307049548,-0.18898378264742277,-0.016001414896038568,-2.471347676611213,0.09,0
2014-09-01,-4.533861465629096,0.9336778580271599,0.28693197501494794,0.0071588442287051635,3.9282646421589185,0.09,0
2014-10-01,-9.204054049429477,1.2348804447094963,0.011933608402614482,-0.01979334907824537,-2.842832800022599,0.09,0
2014-11-01,-11.586921394046357,-0.29537406830026924,0.6153151350189567,-0.18844345845421273,3.6154576025801077,0.09,0
2014-12-01,-22.91205403311396,1.084861090513911,-0.007906777172816959,-0.30893766581243653,1.7503613134871365,0.12,0.03
2015-01-01,-21.15537195635051,-0.9213212221000688,-0.7879228487476908,-0.639069349248711,0.23153836505755976,0.11,-0.009999999999999995
2015-02-01,4.6643872529892105,-0.14536622755461082,-0.6405903226315068,0.25314368884981064,-1.831358779307557,0.11,0
2015-03-01,-6.06156948424359,1.1619393642000375,-0.3351872508375209,0.2690329596581442,4.666594450654138,0.11,0
2015-04-01,10.054499038180499,-0.4915213556365927,-0.5470746111496005,0.10419358923821065,-2.762868981694133,0.12,0.009999999999999995
2015-05-01,10.533318144410586,-0.07473976139085181,-0.44228298448434344,0.32923197040535257,2.332175330993813,0.12,0
2015-06-01,1.305049891170551,0.5602553652344966,-0.31500185136206227,0.27640971717151075,0.16302966110286476,0.13,0.010000000000000009
2015-07-01,-14.665232386586391,0.6320591296805844,0.6460082190607785,0.15850629039944053,-1.6380805936268672,0.13,0
2015-08-01,-19.709211902523837,-0.3192702591595875,-0.184021074428653,-4.2010893430699525e-4,0.9876892610477306,0.14,0.010000000000000009
2015-09-01,7.454345071052448,-0.13684634958579522,-0.2794967313555219,-0.22501171352722338,-9.188668689064539,0.14,0
2015-10-01,0.6199797551144082,-0.05634154823752624,-0.48472353195281315,0.09889928020463401,0.5195857557299455,0.12,-0.020000000000000018
2015-11-01,-8.30289706938201,0.8264609337711448,-0.7384517731686024,0.11939045033511064,8.955131720387488,0.12,0
2015-12-01,-12.718564239426321,0.21889575367861624,-0.4916123240685799,-0.1076132249516526,-0.06751956852673047,0.24,0.12
2016-01-01,-13.376173371068422,-0.08893998588543894,0.5226534839914088,-0.04585486804522532,-4.373163913480127,0.34,0.10000000000000003
2016-02-01,-7.7003551877456555,-0.9236167845415366,-0.5198264319299817,-0.13305601262363353,-3.708891035323525,0.38,0.03999999999999998
2016-03-01,21.289997607792067,-0.14225951891777555,-0.7447561483016507,0.3129893008927631,1.9894814732170474,0.36,-0.020000000000000018
2016-04-01,6.625426873230444,-0.968266235074644,0.33764655587065207,0.38233269232099687,4.662756395181145,0.37,0.010000000000000009
2016-05-01,14.54064115764413,-0.9936943648362728,-0.2270369719856724,0.23613057911546775,0.41644090817944956,0.37,0
2016-06-01,4.66413317137786,0.8941268974663075,0.4712588491569747,0.2772111434034663,0.8563158767208812,0.38,0.010000000000000009
2016-07-01,-7.831389008528622,0.9438903395297515,0.1171402354962936,-0.05038276433131372,0.17228142422611725,0.39,0.010000000000000009
2016-08-01,-1.7441503498883515,-0.7107413130292173,-0.15082196772331358,0.1847514080185242,3.177313225052636,0.4,0.010000000000000009
2016-09-01,1.4520321665056235,0.45712023887265474,-0.10556910872727698,0.2619775184768969,9.2219777316771e-4,0.4,0
2016-10-01,9.455401769837035,1.4284412190495033,0.01559439981937416,0.2339947683755561,-0.44598514938689604,0.4,0
2016-11-01,-9.103458242550367,1.2089282531876577,-0.41804087257064637,0.1178253303642407,-2.3160832970685163,0.41,0.009999999999999953
2016-12-01,11.674597022241961,-0.6699139737170512,0.681259458935557,0.25213409056821234,3.6891841186407426,0.54,0.13000000000000006
2017-01-01,1.6755043773136524,-1.21078794829792,-0.2632185863649106,0.4034925423658464,3.000960101920036,0.65,0.10999999999999999
2017-02-01,1.5034724658347765,-0.15125834867646404,-0.4022819294649871,0.15913904232975895,0.9573866856019464,0.66,0.010000000000000009
2017-03-01,-7.0776546444395905,-0.6155690949761095,0.6577241165916625,-0.04673107988741876,4.980589283388781,0.79,0.13
2017-04-01,2.791509783325652,-0.6331355546469908,1.0135936505023757,0.12333918811604505,-1.5613959283871992,0.9,0.10999999999999999
2017-05-01,-5.425968876622678,0.9854332680552247,0.11830347817092246,-0.07742776356360892,1.242439961310815,0.91,0.010000000000000009
2017-06-01,-6.064388213558414,0.3095832012832034,0.20579802852100926,0.06514164440556414,1.7321562868933604,1.04,0.13
2017-07-01,1.4471368013564634,0.5790959066370505,-0.23975598889283134,0.03275963060049847,-0.04322015651974098,1.15,0.10999999999999988
2017-08-01,4.176514414480836,-0.5280544556722333,-0.41471676206601416,0.38412391487883113,1.9301970342893604,1.16,0.010000000000000009
2017-09-01,1.1080566453369967,0.16950694616362227,0.1031641609603895,0.5093396526107519,0.008074104708910568,1.15,-0.010000000000000009
2017-10-01,4.0404611590495465,0.26606858406950096,1.2242951327366747,0.07747520471248492,2.1004980139735174,1.15,0
2017-11-01,8.89003027359172,0.562040420207488,0.23896267805678661,0.26644546143197445,1.9669885310034552,1.16,0.010000000000000009
2017-12-01,2.768028993824889,-0.4380370061531025,0.19533298635989738,0.21046728661735514,2.4078114002922035,1.3,0.14000000000000012
2018-01-01,8.566864469241398,0.5893471517712356,-0.001872595501151153,0.42443244618279863,2.0079275729075974,1.41,0.10999999999999988
2018-02-01,-1.5231503212342012,0.28652589213109536,0.2421606629052775,0.26886698861776637,4.574002178790781,1.42,0.010000000000000009
2018-03-01,0.34756292623845386,-0.10320654661484241,0.4886354634384027,0.019234391150568797,-5.2491775100937055,1.51,0.09000000000000008
2018-04-01,4.889919237707141,-0.32634322126003923,1.095858190317145,0.2601021066075404,-3.642921385555997,1.69,0.17999999999999994
2018-05-01,5.888492421365643,-0.101882647782503,-0.9045665423148996,0.22554044437663734,2.785157032634622,1.7,0.010000000000000009
2018-06-01,-3.769515644759691,0.20219034657866786,0.7739323183955982,0.09007393845479328,2.9623188721280336,1.82,0.1200000000000001
2018-07-01,4.803072783241946,0.8672009761674815,0.16130706732431221,0.07805158171940718,-0.2896789488375795,1.91,0.08999999999999986
2018-08-01,-4.353915414579679,0.49587131454611466,0.6442729109767065,0.17857254132316314,3.1283796835661626,1.91,0
2018-09-01,2.53982143650755,0.1754682037315547,0.06505452749951957,0.20601581183248285,2.9199515543070653,1.95,0.040000000000000036
2018-10-01,1.5885282431707726,1.034999570065942,-0.11033900564871857,0.2336847588066071,0.957527767741162,2.19,0.24
2018-11-01,-20.92634153509627,0.42377909966244687,0.07930645244380585,-0.07044399795823608,-6.506133942796488,2.2,0.010000000000000231
2018-12-01,-16.591939227976972,-0.5530582900204806,0.02450018435427026,0.06846591120321932,1.8081254981950678,2.27,0.06999999999999984
2019-01-01,3.2099194704850342,-2.0117983036634257,-0.666522303835837,-0.08153120801193126,-10.587952858963323,2.4,0.1299999999999999
2019-02-01,6.934685831710419,-0.03344819484549788,-0.5479088490066175,0.29967603671732235,7.537266550893662,2.4,0
2019-03-01,5.662306855511168,-0.3488237401924721,0.03752804925412079,0.37746599164281136,3.526900336930705,2.41,0.010000000000000231
2019-04-01,9.572964728881983,-0.10195283992988635,-0.5865977141161771,0.37526294749232747,2.239604981955967,2.42,0.009999999999999787
2019-05-01,-4.834069982111,-0.5342777355396677,0.11530983463270417,0.02468028273403533,1.9527756049234846,2.39,-0.029999999999999805
2019-06-01,-10.761161144970565,-0.046783649512072145,0.044427195055796176,-0.03251656708549433,-6.327951888688865,2.38,-0.010000000000000231
2019-07-01,4.451412504208951,-0.49241508286108626,-0.48606038693659315,0.23052171103783436,7.707039082828615,2.4,0.020000000000000018
2019-08-01,-3.8446547238379924,1.3273277535439831,0.6825724834902402,0.09143518703291775,-0.36398213460540063,2.13,-0.27
2019-09-01,3.162045459471363,-2.0486193597079705,-0.33894417233817364,0.15376632893948639,-1.6140763507141997,2.04,-0.08999999999999986
2019-10-01,-6.168504740090297,2.30874507481289,-0.8478362664281036,0.2823293054042608,1.1624132978344193,1.83,-0.20999999999999996
2019-11-01,5.095227183305573,1.0043775192123405,0.5006764315212742,0.28114667260625836,4.21758996583792,1.55,-0.28
2019-12-01,4.844699113585937,0.19095648978098012,-0.23266844944638265,0.29079862276493174,1.519585181776506,1.55,0
2020-01-01,-3.113881738513835,-0.8208777149317115,-0.6575138580045881,0.1919820118897242,4.520113535482295,1.55,0
2020-02-01,-13.575594809095115,-0.9719597429571181,0.3356601456009578,0.047455810079632954,-0.2744889203526668,1.58,0.030000000000000027
2020-03-01,-50.63526791527369,0.1411467654426346,-3.9905426201024774,-0.4538731922905548,-5.007709390020665,0.65,-0.93
2020-04-01,-55.05956015269664,0.3510880321734078,-14.142247901545613,-0.7951678519018124,-22.382495617257447,0.05,-0.6
2020-05-01,42.4786160350779,-14.49044720617394,1.6402914528458545,-0.08987289452484504,13.61069904781873,0.05,0
2020-06-01,35.795515352070176,-1.8012244096999197,6.347249159182677,0.4835787945001613,7.649096044223658,0.08,0.03
2020-07-01,5.56181326884444,2.07855519273199,3.6787112300800118,0.5083500471799063,1.9486721854228506,0.09,0.009999999999999995
2020-08-01,3.8496321044181103,1.499736534838192,0.9731960431251352,0.3724399090982544,5.578260032299376,0.1,0.010000000000000009
2020-09-01,-6.828004232821816,-0.20761197551895094,0.012505093236558906,0.2622697257172568,6.806055176070203,0.09,-0.010000000000000009
2020-10-01,-0.604237171989519,0.7919210667788334,0.8017424837306386,0.12377095499918056,-4.223600183959064,0.09,0
2020-11-01,3.797232971229869,2.4334562927762704,0.35310967909989444,0.22715509642852183,-2.109169095925445,0.09,0
2020-12-01,12.58409414513011,0.9846816903657185,1.3112855111043764,0.4336891736264725,10.111161767760102,0.09,0
2021-01-01,8.860531584009767,0.48171058022656865,0.526452556660395,0.2264220954979912,1.0376144466972548,0.09,0
2021-02-01,13.9355722692722,-2.5725661701930136,-3.3600576999423204,0.3549903768219842,1.9589925295816712,0.08,-0.009999999999999995
2021-03-01,5.3031860187306545,2.5158296226416965,2.8565786232450208,0.4821931298899962,3.3344749663552165,0.07,-0.009999999999999995
2021-04-01,-2.4413266732323358,-0.6433584768279488,0.17578578773207454,0.6690876031452575,2.9806464484526174,0.07,0
2021-05-01,5.098678382228172,0.6617335101603672,0.8834757856392983,0.6650131324619224,4.208582168989317,0.06,-0.010000000000000009
2021-06-01,7.6703183107400985,0.6701867837904274,0.3668089560924237,0.8554829085201554,0.22347163085818522,0.08,0.020000000000000004
2021-07-01,1.8220156510717178,1.6643459012888329,0.4530861445060097,0.4625244344546253,2.767136875700693,0.1,0.020000000000000004
2021-08-01,-7.408843197510295,-0.5274960266353546,-0.20789280941340138,0.28895758626878987,1.5440628819936464,0.09,-0.010000000000000009
2021-09-01,3.7355464798224824,0.5176851909634905,-1.192362503883615,0.4353447740258254,3.0734288890805317,0.08,-0.009999999999999995
2021-10-01,12.312456677810978,1.7044657858829027,1.334599098044631,0.9395676509309503,-3.7623480730450964,0.08,0
2021-11-01,-1.275131405272134,1.1236060549755678,0.6757498302163434,0.8268676737057667,5.723068211655757,0.08,0
2021-12-01,-12.229568127850676,-0.5896120190165277,-0.2907100013006314,0.7083281049546919,-2.205262605906455,0.08,0
2022-01-01,14.49621499841336,0.20137240121513855,-0.38553890138945945,0.6163172657454474,6.092801378974144,0.08,0
2022-02-01,8.781267239323022,1.5742560975800401,0.6177379936951333,0.699391106575753,-5.353249382135417,0.08,0
2022-03-01,16.28304589429822,-0.08551060896380136,0.5779525289359988,1.0286947872727659,-5.429678915664127,0.2,0.12000000000000001
2022-04-01,-6.354651530001442,-0.967738173107513,0.04861197143313234,0.3871203291625491,5.414717501959743,0.33,0.13
2022-05-01,5.700500909669682,-0.6289386625706328,-0.10504332153136176,0.937095674013122,-8.981304657506683,0.77,0.44
2022-06-01,4.039364765482578,0.3149188456143648,-0.31183386894699794,1.2869163284292995,-1.3116928044212273,1.21,0.43999999999999995
2022-07-01,-11.02374971330844,1.1361982261753667,0.20272849739724208,-0.044744853393652306,-6.964216546702318,1.68,0.47
2022-08-01,-9.699316741360198,1.2011101785425637,-0.1252475829669919,0.07524123303204178,7.387579684816004,2.33,0.6500000000000001
2022-09-01,-9.778662443383412,0.6632129034622736,0.1931932369605427,0.42563829614890025,-3.754820185129404,2.56,0.22999999999999998
2022-10-01,2.06581225470277,0.1064850010871865,-0.0384112746256271,0.5242273109029583,-7.548634135725862,3.08,0.52
2022-11-01,-3.1746649711158037,0.3983699226585813,-0.29444934707285597,0.24434933649217783,4.717032321756776,3.78,0.6999999999999997
2022-12-01,-10.272206925181916,-0.7498234478955368,-1.1845400797525052,0.03347190734093175,5.559962998840184,4.1,0.31999999999999984
2023-01-01,1.0132289483089307,0.2195784964953873,0.7376024221829702,0.5500093963505925,-6.392238802833816,4.33,0.23000000000000043
2023-02-01,-1.6550570693576683,0.7876701742578263,0.13582135715868304,0.33890903833135866,7.43278106125107,4.57,0.2400000000000002
2023-03-01,-4.680787981071943,-0.051195682474514115,0.375777546565903,0.05537879067576412,-4.159399936017216,4.65,0.08000000000000007
2023-04-01,7.444149864751837,-0.7053516019889017,0.22988686347238385,0.40198498798771354,4.287977946755994,4.83,0.17999999999999972
2023-05-01,-10.26741357855283,-0.9395607526480276,-0.3208999022467296,0.15111175575093228,1.0457974035249507,5.06,0.22999999999999954
2023-06-01,-2.7089861565346762,0.7301249825923506,-0.804786480502262,0.2578139933007151,1.2671667567635936,5.08,0.020000000000000462
2023-07-01,7.315594110560064,-0.8911218351935091,0.7830856183776547,0.16953778739940972,5.408264292146114,5.12,0.040000000000000036
2023-08-01,6.859122492293568,-0.5764087925822281,-0.06681669277961433,0.4987296523514928,2.682531250734854,5.33,0.20999999999999996
2023-09-01,7.591886690696192,1.1833536693936608,0.1801245307687438,0.4029266492597827,-1.3409045769792627,5.33,0
2023-10-01,-2.5843932835512007,0.43203545185939163,-0.5481179041073148,0.09072773037228643,-5.166431628264867,5.33,0
2023-11-01,-9.221524922957602,0.9885842237837394,0.3923856488423638,0.14096861398344984,-1.1853010417363308,5.33,0
2023-12-01,-7.984225501139641,0.3618275856897668,-0.258901106065057,0.2101093146444022,8.082981216440643,5.33,0
2024-01-01,0.957448964855323,-1.656840043143859,-1.3820284885654566,0.3424256695411465,3.174581567803969,5.33,0
2024-02-01,4.083842896902912,0.8425682747246199,1.0653345023457383,0.3956088765693977,3.386364080019888,5.33,0
2024-03-01,4.819425786474452,0.5286561772184228,0.17186200476606572,0.34824285068122407,4.598717863210844,5.33,0
2024-04-01,5.103554238975128,-0.6589173621879496,-0.21335238777089316,0.2908229710563148,2.0555869151397843,5.33,0
2024-05-01,-6.301829718119589,-0.8532243697359831,0.6161931798148501,0.039606743885212126,-4.393151664015171,5.33,0
2024-06-01,-0.521471615523672,-0.3651223509644197,0.030730036870085797,-0.0028741551183486536,5.146061901352539,5.33,0
2024-07-01,3.1607499036369946,0.3441392362329765,-0.9143304316003409,0.13882308990167402,3.5638873996777676,5.33,0
2024-08-01,-7.43722272134979,0.271572952328647,0.4542772371983972,0.1800232126613288,-0.5202404371010161,5.33,0
2024-09-01,-9.059203921332859,-1.3241159399198565,-0.6217580718655746,0.2289414687495217,1.4988057537106414,5.13,-0.20000000000000018
2024-10-01,2.827685993906792,1.4282647606961518,-0.34012836016454884,0.22620029790365592,3.2005746965698023,4.83,-0.2999999999999998
2024-11-01,-4.334667152943528,0.2616189109403422,-0.1781025012705939,0.28005771350851916,0.35059651004303305,4.64,-0.1900000000000004
2024-12-01,0.12330802820985642,0.4949773738930574,1.036780188456099,0.3640084012757505,5.408101990555281,4.48,-0.15999999999999925
