date,oil_price,global_real_economic_activity,cpi,fed_funds,oil_prod_global,SP500
1986-01-01,23.27,-37.817975,109.9,8.14,55379,209.589996337891
1986-02-01,15.4,-51.768848,109.7,7.86,55363,213.960006713867
1986-03-01,12.7,-55.409076,109.1,7.48,54824,225.419998168945
1986-04-01,12.63,-61.57038,108.7,6.99,54867,235.139999389648
1986-05-01,15.12,-66.405156,109,6.85,56062,235.160003662109
1986-06-01,13.46,-69.363919,109.4,6.92,56852,245.039993286133
1986-07-01,11.71,-80.987409,109.5,6.56,57990,252.039993286133
1986-08-01,14.51,-78.32166,109.6,6.17,58718,234.910003662109
1986-09-01,14.93,-54.279694,110,5.89,54733,248.520004272461
1986-10-01,14.88,-48.829902,110.2,5.85,55042,233.600006103516
1986-11-01,15.21,-51.147616,110.4,6.04,55895,245.800003051758
1986-12-01,15.96,-60.136219,110.8,6.91,56113,249.050003051758
1987-01-01,18.52,-46.537781,111.4,6.43,55477,246.449996948242
1987-02-01,17.74,-41.807747,111.8,6.1,54751,276.450012207031
1987-03-01,18.27,-35.097154,112.2,6.13,54022,283
1987-04-01,18.65,-25.198604,112.7,6.37,54610,292.380004882812
1987-05-01,19.32,-19.448618,113,6.85,55381,288.029998779297
1987-06-01,20.05,-30.734753,113.5,6.73,55200,289.829986572266
1987-07-01,21.26,-33.677065,113.8,6.58,57665,302.940002441406
1987-08-01,20.34,-18.792031,114.3,6.73,58390,317.570007324219
1987-09-01,19.54,-22.337731,114.7,7.22,57787,323.399993896484
1987-10-01,19.82,-17.334438,115,7.29,58012,327.329986572266
1987-11-01,18.87,-12.320668,115.4,6.69,57541,255.75
1987-12-01,17.39,-5.1292209,115.6,6.77,57612,232
1988-01-01,17.06,2.888207,116,6.83,56755,255.940002441406
1988-02-01,16.84,14.138447,116.2,6.58,56884,255.039993286133
1988-03-01,16.01,19.234214,116.5,6.58,57284,267.220001220703
1988-04-01,17.7,11.694667,117.2,6.87,57635,256.089996337891
1988-05-01,17.42,5.2473454,117.5,7.09,57259,261.559997558594
1988-06-01,16.81,-5.0622713,118,7.51,57022,266.690002441406
1988-07-01,15.51,-11.418589,118.5,7.75,57327,271.779998779297
1988-08-01,15.56,-9.3493645,119,8.01,58457,272.209991455078
1988-09-01,14.62,-4.7992814,119.5,8.19,58944,258.350006103516
1988-10-01,13.78,-1.8878356,119.9,8.3,60523,271.380004882812
1988-11-01,13.97,7.8909469,120.3,8.35,61008,279.059997558594
1988-12-01,16.26,11.36421,120.7,8.76,61238,272.489990234375
1989-01-01,18.08,17.833195,121.2,9.12,58396,275.309997558594
1989-02-01,17.84,12.272303,121.6,9.36,57918,297.089996337891
1989-03-01,19.4,17.595461,122.2,9.85,58335,287.109985351562
1989-04-01,21.07,17.030112,123.1,9.84,58777,296.390014648438
1989-05-01,20.17,21.588415,123.7,9.81,58636,309.119995117188
1989-06-01,20.02,3.1783623,124.1,9.53,58724,321.970001220703
1989-07-01,19.85,1.1025574,124.5,9.24,59189,319.230010986328
1989-08-01,18.53,2.4857409,124.5,8.99,60005,343.75
1989-09-01,19.46,3.9639345,124.8,9.02,60142,353.730010986328
1989-10-01,20.13,10.673192,125.4,8.84,60582,350.869995117188
1989-11-01,19.91,18.217045,125.9,8.55,61437,341.200012207031
1989-12-01,20.88,14.632365,126.3,8.45,61060,350.630004882812
1990-01-01,22.93,16.564705,127.5,8.23,60749,359.690002441406
1990-02-01,22.25,13.131612,128,8.24,61006,328.790008544922
1990-03-01,20.54,12.58115,128.6,8.28,61832,332.739990234375
1990-04-01,18.4,2.7462914,128.9,8.26,61465,338.700012207031
1990-05-01,18.28,-6.1560149,129.1,8.18,60855,332.25
1990-06-01,16.87,-14.983053,129.9,8.29,60059,363.160003662109
1990-07-01,18.26,-24.963211,130.5,8.15,60169,359.540008544922
1990-08-01,26.76,-15.946364,131.6,8.13,56545,355.519989013672
1990-09-01,33.51,-18.542019,132.5,8.2,59067,323.089996337891
1990-10-01,36.17,-14.52486,133.4,8.11,59437,314.940002441406
1990-11-01,32.67,-9.5603836,133.7,7.81,60271,307.019989013672
1990-12-01,27.22,-0.28289139,134.2,7.31,60522,324.100006103516
1991-01-01,26.22,0.34527732,134.7,6.91,60336,326.450012207031
1991-02-01,21.05,10.102198,134.8,6.25,60020,343.049987792969
1991-03-01,19.67,18.043302,134.8,6.12,60252,370.470001220703
1991-04-01,20.8,10.592027,135.1,5.91,58954,371.299987792969
1991-05-01,21.22,14.428308,135.6,5.78,58757,380.290008544922
1991-06-01,20.19,16.61342,136,5.9,58978,388.059997558594
1991-07-01,21.39,8.141266,136.2,5.82,59931,377.920013427734
1991-08-01,21.67,2.981071,136.6,5.66,59177,387.119995117188
1991-09-01,21.87,6.0906602,137,5.45,60127,392.149993896484
1991-10-01,23.19,10.434106,137.2,5.21,60174,389.200012207031
1991-11-01,22.58,11.033069,137.8,4.81,60401,391.320007324219
1991-12-01,19.52,5.5939541,138.2,4.43,60818,381.399993896484
1992-01-01,18.81,2.7205351,138.3,4.03,59751.576,417.260009765625
1992-02-01,19.01,-10.633009,138.6,4.06,59615.598,409.529998779297
1992-03-01,18.88,-17.959223,139.1,3.98,58495.335,412.450012207031
1992-04-01,20.07,-21.773927,139.4,3.73,58332.507,404.230010986328
1992-05-01,20.95,-14.105391,139.7,3.82,58119.599,412.529998779297
1992-06-01,22.42,-22.108718,140.1,3.76,58019.311,417.299987792969
1992-07-01,21.8,-31.534415,140.5,3.25,58512.1,412.880004882812
1992-08-01,21.34,-31.485497,140.8,3.3,58524.788,425.089996337891
1992-09-01,21.88,-32.850664,141.1,3.22,59067.119,416.070007324219
1992-10-01,21.7,-32.255475,141.7,3.1,59481.751,416.290008544922
1992-11-01,20.35,-19.487697,142.1,3.09,59258.128,422.75
1992-12-01,19.42,-7.6815912,142.3,2.92,59375.215,430.779998779297
1993-01-01,19.15,-12.302384,142.8,3.02,59086.007,435.380004882812
1993-02-01,20.07,-10.137547,143.1,3.03,59658.592,442.519989013672
1993-03-01,20.32,-2.017709,143.3,3.07,58493.128,442.010009765625
1993-04-01,20.27,2.0150083,143.8,2.96,58271.308,450.299987792969
1993-05-01,19.95,8.0972116,144.2,3,58231.92,442.459991455078
1993-06-01,19.17,4.7608842,144.3,3.04,57926.726,453.829986572266
1993-07-01,18.01,-6.7208401,144.5,3.06,58453.367,449.019989013672
1993-08-01,17.97,-6.0361962,144.8,3.03,58191.807,450.149993896484
1993-09-01,17.42,-3.8658915,145,3.09,58650.565,463.149993896484
1993-10-01,18.17,-7.4105379,145.6,2.99,59241.807,461.279998779297
1993-11-01,16.71,-12.988016,146,3.02,59528.632,469.100006103516
1993-12-01,14.56,-18.162275,146.3,2.96,59386.583,461.890014648438
1994-01-01,15.02,-18.644764,146.3,3.05,60983.784,465.440002441406
1994-02-01,14.8,-24.72002,146.7,3.25,60293.444,479.619995117188
1994-03-01,14.72,-25.345152,147.1,3.34,60176.54,464.440002441406
1994-04-01,16.02,-13.118531,147.2,3.56,59953.023,438.920013427734
1994-05-01,17.87,-0.21614012,147.5,4.01,60124.032,453.019989013672
1994-06-01,18.98,-9.5449082,147.9,4.25,60548.355,457.630004882812
1994-07-01,19.55,-5.5633778,148.4,4.26,60429.972,446.200012207031
1994-08-01,18.51,-0.31665165,149,4.47,59594.196,461.010009765625
1994-09-01,17.46,3.3621504,149.3,4.73,60638.024,473.170013427734
1994-10-01,17.7,19.702522,149.4,4.76,61200.49,461.739990234375
1994-11-01,18.05,22.546583,149.8,5.29,61236.392,468.420013427734
1994-12-01,17.29,29.313952,150.1,5.45,61725.536,448.920013427734
1995-01-01,17.99,30.413288,150.5,5.53,61262.299,459.109985351562
1995-02-01,18.56,28.968647,150.9,5.92,61715.787,470.399993896484
1995-03-01,18.54,38.788774,151.2,5.98,61191.26,485.649993896484
1995-04-01,19.88,41.345377,151.8,6.05,61615.743,501.850006103516
1995-05-01,19.83,40.917014,152.1,6.01,61138.536,514.260009765625
1995-06-01,18.49,29.45412,152.4,6,60726.011,533.489990234375
1995-07-01,17.31,27.680507,152.6,5.85,61750.147,547.090026855469
1995-08-01,18.04,33.51775,152.9,5.74,61697.484,559.640014648438
1995-09-01,18.17,29.700404,153.1,5.8,61961.527,563.840026855469
1995-10-01,17.41,13.794055,153.5,5.76,61460.513,581.719970703125
1995-11-01,17.9,10.152355,153.7,5.8,62199.158,584.219970703125
1995-12-01,18.93,8.2371006,153.9,5.6,62126.263,606.97998046875
1996-01-01,19.1,3.2174598,154.7,5.56,62297.337,620.72998046875
1996-02-01,18.9,-4.3877197,155,5.22,62874.979,638.460021972656
1996-03-01,21.04,-8.1600314,155.5,5.31,62598.127,644.369995117188
1996-04-01,23.65,-3.3738877,156.1,5.22,62376.832,653.72998046875
1996-05-01,21.16,-6.1850757,156.4,5.24,61990.716,654.580017089844
1996-06-01,20.42,-16.862166,156.7,5.27,62531.378,667.679992675781
1996-07-01,21.45,-29.789891,157,5.4,62798.923,675.880004882812
1996-08-01,21.72,-32.652765,157.2,5.22,62671.359,650.02001953125
1996-09-01,23.94,-38.096119,157.7,5.3,62917.08,654.719970703125
1996-10-01,24.99,-28.801509,158.2,5.24,63126.309,689.080017089844
1996-11-01,23.79,-4.3288855,158.7,5.31,63683.196,703.77001953125
1996-12-01,25.2,-1.8890195,159.1,5.29,64237.358,756.559997558594
1997-01-01,25.19,-3.5383176,159.4,5.25,64416.168,737.010009765625
1997-02-01,22.18,-5.21425,159.7,5.19,64686.317,786.72998046875
1997-03-01,20.99,-2.7699154,159.8,5.39,64282.416,795.309997558594
1997-04-01,19.66,-9.0499193000000009,159.9,5.51,65137.158,759.640014648438
1997-05-01,20.74,-16.481968,159.9,5.5,64463.646,798.530029296875
1997-06-01,19.23,-16.971181,160.2,5.56,63586.133,846.359985351562
1997-07-01,19.6,-11.798168,160.4,5.52,64386.267,891.030029296875
1997-08-01,19.98,-15.371927,160.8,5.54,65165.777,947.140014648438
1997-09-01,19.65,-15.220355,161.2,5.54,65381.241,927.580017089844
1997-10-01,21.32,-13.177482,161.5,5.5,66441.255,955.409973144531
1997-11-01,20.11,-19.929632,161.7,5.52,66091.806,938.989990234375
1997-12-01,18.44,-19.984819,161.8,5.5,65952.682,974.77001953125
1998-01-01,16.84,-26.550423,162,5.56,66720.296,975.039978027344
1998-02-01,16.06,-42.389915,162,5.51,67271.306,1001.27001953125
1998-03-01,15.02,-35.356025,162,5.49,67124.319,1047.69995117188
1998-04-01,15.39,-42.277972,162.2,5.45,66700.234,1108.15002441406
1998-05-01,15.02,-42.661172,162.6,5.49,66090.568,1121
1998-06-01,13.66,-51.567309,162.8,5.56,66044.061,1090.97998046875
1998-07-01,14.19,-58.209656,163.2,5.54,65714.398,1148.56005859375
1998-08-01,13.48,-63.167775,163.4,5.55,64522.965,1112.43994140625
1998-09-01,14.77,-54.317659,163.5,5.51,64361.764,994.260009765625
1998-10-01,14.64,-42.309912,163.9,5.07,64884.338,986.390014648438
1998-11-01,12.95,-44.836897,164.1,4.83,65776.125,1111.59997558594
1998-12-01,11.24,-57.034285,164.4,4.68,65955.504,1175.28002929688
1999-01-01,12.37,-62.618599,164.7,4.63,65684.486,1228.09997558594
1999-02-01,12,-58.42276,164.7,4.76,65635.407,1273
1999-03-01,14.39,-43.758021,164.8,4.81,65284.966,1236.16003417969
1999-04-01,17.2,-48.803472,165.9,4.74,64122.607,1293.71997070312
1999-05-01,17.72,-34.681452,166,4.74,63370.008,1354.63000488281
1999-06-01,17.75,-41.728607,166,4.76,63261.942,1294.26000976562
1999-07-01,19.93,-43.201727,166.7,4.99,63854.99,1380.9599609375
1999-08-01,21.2,-36.448743,167.1,5.07,63988.56,1328.05004882812
1999-09-01,23.42,-27.567904,167.8,5.22,63780.779,1331.06994628906
1999-10-01,23,-12.013535,168.1,5.2,64414.462,1282.81005859375
1999-11-01,25.09,-12.397504,168.4,5.42,64830.285,1354.11999511719
1999-12-01,26.05,-11.793906,168.8,5.3,64168.171,1397.71997070312
2000-01-01,27.23,-9.8577798,169.3,5.45,64344.8691,1455.21997070312
2000-02-01,29.22,-8.5100162,170,5.73,65061.06259,1409.28002929688
2000-03-01,29.88,6.1685663,171,5.85,65239.83255,1379.18994140625
2000-04-01,25.77,9.2554573,170.9,6.02,65741.43967,1505.96997070312
2000-05-01,28.7,5.2712434,171.2,6.27,66136.50413,1468.25
2000-06-01,31.58,4.0424835,172.2,6.53,65785.10167,1448.81005859375
2000-07-01,29.88,5.7295862,172.7,6.54,66503.74184,1469.5400390625
2000-08-01,30.73,7.1875833,172.7,6.5,67041.54994,1438.09997558594
2000-09-01,33.76,11.193848,173.6,6.52,66982.02,1520.77001953125
2000-10-01,33.14,12.466496,173.9,6.51,67735.98426,1436.22998046875
2000-11-01,34.29,11.768133,174.2,6.51,68591.51567,1421.21997070312
2000-12-01,29.35,4.9198703,174.6,6.4,67112.56477,1315.22998046875
2001-01-01,29.65,1.8083884,175.6,5.98,67456.87048,1283.27001953125
2001-02-01,29.71,-3.9665354,176,5.49,66863.35914,1373.46997070312
2001-03-01,27.33,-2.3117515,176.1,5.31,67396.32058,1241.22998046875
2001-04-01,27.48,-6.5984279,176.4,4.8,66699.46033,1145.86999511719
2001-05-01,28.62,-6.3153992,177.3,4.21,65893.83635,1266.43994140625
2001-06-01,27.76,-11.39991,177.7,3.97,64304.337,1260.67004394531
2001-07-01,26.43,-24.239422,177.4,3.77,66619.91216,1236.71997070312
2001-08-01,27.32,-44.905038,177.4,3.65,66732.25235,1215.93005371094
2001-09-01,26.26,-48.767166,178.1,3.07,66054.384,1132.93994140625
2001-10-01,22.24,-53.419067,177.6,2.49,66016.13577,1038.55004882812
2001-11-01,19.78,-58.101155,177.5,2.09,65888.75467,1084.09997558594
2001-12-01,19.52,-56.137178,177.4,1.82,65969.58161,1129.90002441406
2002-01-01,19.79,-49.361089,177.7,1.73,65553.67035483872,1154.67004394531
2002-02-01,20.39,-46.293921,178,1.74,65691.05957142857,1122.19995117188
2002-03-01,24.05,-36.026298,178.5,1.73,65101.1434516129,1131.78002929688
2002-04-01,26.06,-35.184567,179.3,1.75,64239.04533333333,1146.5400390625
2002-05-01,27,-39.298821,179.5,1.75,65035.73651612903,1086.4599609375
2002-06-01,25.52,-42.93404,179.6,1.75,65078.906,1040.68005371094
2002-07-01,26.94,-43.694065,180,1.73,65967.9304516129,968.650024414062
2002-08-01,28.22,-42.39595,180.5,1.74,65700.7424516129,884.659973144531
2002-09-01,29.57,-25.872577,180.8,1.75,65742.813,878.02001953125
2002-10-01,29.29,-11.530471,181.2,1.75,67130.05680645161,847.909973144531
2002-11-01,26.5,-4.7992475,181.5,1.34,67339.77133333332,900.960021972656
2002-12-01,29.42,8.4029595,181.8,1.24,66663.53041935484,934.530029296875
2003-01-01,32.84,9.7990351,182.6,1.24,69345.818,909.030029296875
2003-02-01,35.88,8.2336706,183.6,1.26,70667.015,860.320007324219
2003-03-01,33.63,18.235821,183.9,1.25,70704.776,834.809997558594
2003-04-01,28.77,29.731659,183.2,1.26,69354.52,858.47998046875
2003-05-01,27.84,37.844404,182.9,1.26,69169.601,916.299987792969
2003-06-01,30.69,33.552064,183.1,1.22,68983.813,967
2003-07-01,30.78,35.981304,183.7,1.01,69435.615,982.320007324219
2003-08-01,31.38,39.914125,184.5,1.03,69893.245,980.150024414062
2003-09-01,28.31,47.215554,185.1,1.01,69853.647,1021.98999023438
2003-10-01,30.21,99.977696,184.9,1.01,71135.661,1018.21997070312
2003-11-01,31.01,102.16038,185,1,71547.06,1059.02001953125
2003-12-01,32.06,110.16811,185.5,0.98,72136.433,1070.11999511719
2004-01-01,34.03,122.52714,186.3,1,71671.928,1108.47998046875
2004-02-01,34.73,126.62066,186.7,1.01,71616.39,1135.26000976562
2004-03-01,36.89,120.54359,187.1,1,72142.732,1155.96997070312
2004-04-01,36.59,107.18477,187.4,1,71737.695,1132.17004394531
2004-05-01,40.28,84.746445,188.2,1,72166.495,1117.48999023438
2004-06-01,38.39,63.101443,188.9,1.03,73591.559,1121.19995117188
2004-07-01,40.19,89.543533,189.1,1.26,73916.642,1128.93994140625
2004-08-01,45.17,99.507257,189.2,1.43,72905.11,1106.61999511719
2004-09-01,44.71,98.685194,189.8,1.61,73342.663,1105.91003417969
2004-10-01,52.69,107.5051,190.8,1.76,74049.505,1131.5
2004-11-01,48.41,122.87263,191.7,1.93,74096.572,1130.51000976562
2004-12-01,43.68,126.9204,191.7,2.16,73736.139,1191.36999511719
2005-01-01,46.82,106.77354,191.6,2.28,73197.742,1202.07995605469
2005-02-01,48.16,107.18948,192.4,2.5,73998.369,1189.41003417969
2005-03-01,53.96,110.16549,193.1,2.63,73959.974,1210.41003417969
2005-04-01,53.21,106.85297,193.7,2.79,74505.991,1172.92004394531
2005-05-01,49.72,85.894115,193.6,3,74752.059,1162.16003417969
2005-06-01,55.68,57.197257,193.7,3.04,74143.189,1202.21997070312
2005-07-01,58.89,35.375101,194.9,3.26,74216.962,1194.43994140625
2005-08-01,64.44,34.34243,196.1,3.5,74312.312,1235.34997558594
2005-09-01,65.92,57.084707,198.8,3.62,73028.623,1221.58996582031
2005-10-01,62.39,69.086511,199.1,3.78,73691.379,1226.69995117188
2005-11-01,58.57,61.690924,198.1,4,74375.594,1202.76000976562
2005-12-01,59.14,50.389236,198.1,4.16,74495.252,1264.67004394531
2006-01-01,65.19,36.027551,199.3,4.29,74145.415,1268.80004882812
2006-02-01,62.24,43.884503,199.4,4.49,74618.98,1282.4599609375
2006-03-01,62.57,50.051685,199.7,4.59,74742.219,1291.23999023438
2006-04-01,69.42,44.427138,200.7,4.79,74011.71,1297.81005859375
2006-05-01,70.77,43.359636,201.3,4.94,73676.743,1305.18994140625
2006-06-01,71.03,53.987901,201.8,4.99,74094.518,1285.7099609375
2006-07-01,74.43,65.137264,202.9,5.24,75091.576,1280.18994140625
2006-08-01,73.69,83.830278,203.8,5.25,74116.975,1270.92004394531
2006-09-01,64.97,93.609014,202.8,5.25,74048.543,1311.01000976562
2006-10-01,58.93,93.949521,201.9,5.25,74216.318,1331.31994628906
2006-11-01,58.33,98.011529,202,5.25,74093.127,1367.81005859375
2006-12-01,61.86,101.06205,203.1,5.24,73667.922,1396.7099609375
2007-01-01,54.24,103.9292,203.437,5.25,73967.377,1416.59997558594
2007-02-01,58.52,102.26584,204.226,5.26,74427.572,1445.93994140625
2007-03-01,60.57,117.17465,205.288,5.26,74226.811,1403.17004394531
2007-04-01,63.93,128.65899,205.904,5.25,74264.972,1424.55004882812
2007-05-01,63.56,139.08651,206.755,5.25,73867.61,1486.30004882812
2007-06-01,66.87,128.66437,207.234,5.25,73627.997,1536.33996582031
2007-07-01,73.66,141.63488,207.603,5.26,74422.538,1519.43005371094
2007-08-01,72.77,150.82932,207.667,5.02,73493.174,1465.81005859375
2007-09-01,79.72,168.10971,208.547,4.94,73855.256,1489.42004394531
2007-10-01,84.77,187.51755,209.19,4.76,75066.649,1547.0400390625
2007-11-01,94.65,188.02872,210.834,4.49,74528.258,1508.43994140625
2007-12-01,91.67,181.14932,211.445,4.24,74940.932,1472.42004394531
2008-01-01,93.46,149.17641,212.174,3.94,74728.643,1447.16003417969
2008-02-01,94.96,144.88742,212.687,2.98,74823.678,1395.42004394531
2008-03-01,105.64,160.65265,213.448,2.61,75045.509,1331.33996582031
2008-04-01,111.51,163.33017,213.942,2.28,74486.134,1370.18005371094
2008-05-01,124.4,189.801,215.208,1.98,74790.717,1409.33996582031
2008-06-01,133.58,183.24486,217.463,2,74812.019,1385.67004394531
2008-07-01,135.94,169.03153,219.016,2.01,75569.424,1284.91003417969
2008-08-01,117.91,150.52867,218.69,2,74482.225,1260.31005859375
2008-09-01,104.89,110.86565,218.877,1.81,73486.298,1277.57995605469
2008-10-01,78.36,10.677247,216.995,0.97,74476.433,1161.06005859375
2008-11-01,57.11,-66.557141,213.153,0.39,74319.854,966.299987792969
2008-12-01,40.71,-75.300735,211.398,0.16,73550.516,816.210021972656
2009-01-01,41.69,-55.661154,211.933,0.15,72485.235,931.799987792969
2009-02-01,38.99,13.789353,212.705,0.22,72875.503,825.440002441406
2009-03-01,47.83,21.585305,212.495,0.18,72709.632,700.820007324219
2009-04-01,49.62,5.0822433,212.709,0.15,72994.151,811.080017089844
2009-05-01,57.75,47.698558,213.022,0.18,72595.179,877.52001953125
2009-06-01,69.54,87.927608,214.79,0.21,72726.703,942.869995117188
2009-07-01,64.88,75.275916,214.726,0.16,73687.155,923.330017089844
2009-08-01,71.1,52.624549,215.445,0.16,73145.54,1002.63000488281
2009-09-01,69.74,39.316099,215.861,0.15,73584.571,998.039978027344
2009-10-01,74.78,54.715259,216.509,0.12,74041.585,1029.84997558594
2009-11-01,77.94,90.678327,217.234,0.12,74165.539,1042.88000488281
2009-12-01,73.7,80.963888,217.347,0.12,73862.078,1108.85998535156
2010-01-01,78.41,69.064966,217.488,0.11,74045.54594696118,1132.98999023438
2010-02-01,76.48,52.525616,217.281,0.13,74360.29494696119,1089.18994140625
2010-03-01,81.01,70.687501,217.353,0.16,74606.7539469612,1115.7099609375
2010-04-01,84.03,65.583743,217.403,0.2,74359.84394696119,1178.09997558594
2010-05-01,73.75,89.014935,217.29,0.2,74339.71394696119,1202.26000976562
2010-06-01,75.03,67.482496,217.199,0.18,73974.67494696118,1070.7099609375
2010-07-01,76.28,19.422155,217.605,0.18,74224.58094696118,1027.36999511719
2010-08-01,76.93,43.605647,217.923,0.19,74098.63594696119,1125.85998535156
2010-09-01,74.56,54.767721,218.275,0.19,74409.62594696118,1080.2900390625
2010-10-01,81.21,53.627755,219.035,0.19,74744.62994696118,1146.23999023438
2010-11-01,84.09,38.677372,219.59,0.19,75072.43594696118,1184.38000488281
2010-12-01,88.83,25.097983,220.472,0.18,75163.46694696118,1206.06994628906
2011-01-01,89.11,-12.191549,221.187,0.17,75925.41366097397,1271.86999511719
2011-02-01,88.61,-29.426505,221.898,0.16,75489.33866097397,1307.58996582031
2011-03-01,102.25,-6.3314788,223.046,0.14,74441.36866097397,1306.32995605469
2011-04-01,108.71,-17.219502,224.093,0.1,74286.66666097398,1332.41003417969
2011-05-01,100.81,-16.671231,224.806,0.09,73656.32966097398,1361.21997070312
2011-06-01,97.39,-10.697798,224.806,0.09,74445.66866097397,1314.55004882812
2011-07-01,96.68,-15.630543,225.395,0.07,74840.03766097398,1339.67004394531
2011-08-01,86.03,-14.219865,226.106,0.1,75301.61166097397,1286.93994140625
2011-09-01,85.95,14.019792,226.597,0.08,74681.63066097397,1204.42004394531
2011-10-01,85.98,25.996502,226.75,0.07,75258.02566097397,1099.22998046875
2011-11-01,96.61,13.827626,227.169,0.08,76238.92466097398,1218.28002929688
2011-12-01,98.72,15.781143,227.223,0.07,76595.46966097398,1244.57995605469
2012-01-01,100.53,-42.990649,227.842,0.08,76765.30451043224,1277.06005859375
2012-02-01,101.32,-82.192289,228.329,0.1,76987.85451043224,1324.08996582031
2012-03-01,106.3,-62.142853,228.807,0.13,76880.10351043224,1374.08996582031
2012-04-01,103.25,-44.904569,229.187,0.14,77197.09451043225,1419.0400390625
2012-05-01,96.11,-36.914283,228.713,0.16,76499.23051043224,1405.81994628906
2012-06-01,83.22,-52.77209,228.524,0.16,76295.14451043223,1278.0400390625
2012-07-01,87.69,-40.678391,228.59,0.16,76549.35851043224,1365.51000976562
2012-08-01,93.71,-73.917155,229.918,0.13,76528.93751043224,1375.31994628906
2012-09-01,94.57,-81.554,231.015,0.14,75955.27851043224,1404.93994140625
2012-10-01,90.04,-51.862843,231.638,0.16,76567.77951043224,1444.48999023438
2012-11-01,86.48,-44.219176,231.249,0.16,77102.62651043224,1427.58996582031
2012-12-01,87.77,-62.0574,231.221,0.16,76985.27951043224,1409.4599609375
2013-01-01,94.04,-72.561594,231.679,0.14,76420.5107694,1462.42004394531
2013-02-01,96.21,-76.318722,232.937,0.15,76207.3977694,1513.17004394531
2013-03-01,93,-59.652371,232.282,0.14,76413.8997694,1518.19995117188
2013-04-01,91.86,-59.514893,231.797,0.15,76839.2897694,1562.17004394531
2013-05-01,94.39,-62.00992,231.893,0.11,76704.2567694,1582.69995117188
2013-06-01,95.77,-52.124032,232.445,0.09,76758.4047694,1640.42004394531
2013-07-01,104.53,-34.404792,232.9,0.09,77273.8187694,1614.9599609375
2013-08-01,106.3,-37.643902,233.456,0.08,77028.3037694,1706.86999511719
2013-09-01,106.61,5.9545455,233.544,0.08,76558.1527694,1639.77001953125
2013-10-01,101.23,17.454793,233.669,0.09,76837.9607694,1695
2013-11-01,94.42,-1.4616028,234.1,0.08,77139.8017694,1761.64001464844
2013-12-01,97.61,31.890886,234.719,0.09,77565.4347694,1800.90002441406
2014-01-01,95.07,-7.3362025,235.288,0.07,77787.9774128041,1831.97998046875
2014-02-01,100.92,-32.878093,235.547,0.07,78277.62641280411,1741.89001464844
2014-03-01,100.76,-6.5195683,236.028,0.08,77633.8494128041,1845.72998046875
2014-04-01,102.31,-41.585929,236.468,0.09,77428.63841280411,1885.52001953125
2014-05-01,102.1,-46.901452,236.918,0.09,77600.92241280411,1883.68005371094
2014-06-01,105.78,-55.264885,237.231,0.1,77903.58141280411,1924.96997070312
2014-07-01,103.87,-68.820634,237.498,0.09,78157.9104128041,1973.31994628906
2014-08-01,97.61,-52.262466,237.46,0.09,78491.3194128041,1925.15002441406
2014-09-01,93.29,-34.028569,237.477,0.09,79227.60741280411,2002.28002929688
2014-10-01,85.07,-35.798469,237.43,0.09,80212.03941280411,1946.16003417969
2014-11-01,75.62,-16.380096,236.983,0.09,79975.4634128041,2017.81005859375
2014-12-01,59.95,-54.055939,236.252,0.12,80847.80941280411,2053.43994140625
2015-01-01,48.21,-75.906702,234.747,0.11,80106.3621871,2058.19995117188
2015-02-01,50.64,-105.58909,235.342,0.11,79989.9991871,2020.84997558594
2015-03-01,47.79,-99.132541,235.976,0.11,80924.8551871,2117.38989257812
2015-04-01,52.9,-96.430354,236.222,0.12,80528.0681871,2059.68994140625
2015-05-01,58.97,-95.640232,237.001,0.12,80467.9041871,2108.2900390625
2015-06-01,59.91,-79.968327,237.657,0.13,80919.9951871,2111.72998046875
2015-07-01,51.82,-46.650546,238.034,0.13,81433.0771871,2077.419921875
2015-08-01,42.55,-37.636454,238.033,0.14,81173.5001871,2098.0400390625
2015-09-01,45.74,-55.393705,237.498,0.14,81062.4931871,1913.84997558594
2015-10-01,46.07,-66.715759,237.733,0.12,81016.8341871,1923.81994628906
2015-11-01,42.45,-97.561077,238.017,0.12,81689.1811871,2104.05004882812
2015-12-01,37.34,-108.75046,237.761,0.24,81868.1911871,2102.6298828125
2016-01-01,32.65,-138.09723,237.652,0.34,81795.41,2012.66003417969
2016-02-01,30.19,-160.8034,237.336,0.38,81043.412,1939.38000488281
2016-03-01,37.47,-138.7112,238.08,0.36,80928.202,1978.34997558594
2016-04-01,40.19,-92.884278,238.992,0.37,80148.383,2072.78002929688
2016-05-01,46.59,-90.92744,239.557,0.37,79355.897,2081.42993164062
2016-06-01,48.95,-92.996962,240.222,0.38,80068.621,2099.330078125
2016-07-01,45.24,-77.609521,240.101,0.39,80827.959,2102.94995117188
2016-08-01,44.54,-82.628466,240.545,0.4,80255.518,2170.84008789062
2016-09-01,45.31,-62.009156,241.176,0.4,80623.222,2170.86010742188
2016-10-01,49.92,-57.274548,241.741,0.4,81783.142,2161.19995117188
2016-11-01,45.63,-36.186769,242.026,0.41,82777.842,2111.71997070312
2016-12-01,51.41,-38.37191,242.637,0.54,82225.155,2191.080078125
2017-01-01,52.49,-53.186675,243.618,0.65,81235.58561548586,2257.830078125
2017-02-01,53.37,-70.947911,244.006,0.66,81112.802893115,2279.55004882812
2017-03-01,49.7,-29.991856,243.892,0.79,80615.03118266084,2395.9599609375
2017-04-01,51.17,-23.136296,244.193,0.9,80106.24112285199,2358.84008789062
2017-05-01,48.43,-45.648104,244.004,0.91,80899.5369535846,2388.330078125
2017-06-01,45.61,-57.878223,244.163,1.04,81150.37640797455,2430.06005859375
2017-07-01,46.29,-52.55301,244.243,1.15,81621.67824369333,2429.01000976562
2017-08-01,48.45,-29.644136,245.183,1.16,81191.80731012397,2476.35009765625
2017-09-01,49.24,-12.235996,246.435,1.15,81329.5497717697,2476.55004882812
2017-10-01,51.31,-3.6628322,246.626,1.15,81546.23028483611,2529.1201171875
2017-11-01,56.23,-5.8277979,247.284,1.16,82005.84345620169,2579.36010742188
2017-12-01,57.93,4.8692884,247.805,1.3,81647.41311653929,2642.21997070312
2018-01-01,63.38,-21.87596,248.859,1.41,82130.02053992209,2695.81005859375
2018-02-01,62.59,-31.905935,249.529,1.42,82365.68176797382,2821.97998046875
2018-03-01,62.82,-29.176045,249.577,1.51,82280.71884341697,2677.669921875
2018-04-01,66.14,-31.457887,250.227,1.69,82012.6389632464,2581.8798828125
2018-05-01,70.31,-17.951697,250.792,1.7,81929.12486556535,2654.80004882812
2018-06-01,67.77,-13.411334,251.018,1.82,82094.94522697077,2734.6201171875
2018-07-01,71.16,6.5980945,251.214,1.91,82809.96926002525,2726.7099609375
2018-08-01,68.25,10.159779,251.663,1.91,83221.61992846004,2813.36010742188
2018-09-01,70.15,-6.5778799,252.182,1.95,83367.77560093133,2896.71997070312
2018-10-01,71.44,-0.089969398,252.772,2.19,84235.112443684,2924.59008789062
2018-11-01,57.91,-25.790211,252.594,2.2,84592.8406982195,2740.3701171875
2018-12-01,49.09,-14.360355,252.767,2.27,84126.28433352656,2790.3701171875
2019-01-01,50.65,-36.893994,252.561,2.4,82450.7439309283,2510.03002929688
2019-02-01,54.45,-89.497133,253.319,2.4,82423.17025715187,2706.53002929688
2019-03-01,57.84,-81.909996,254.277,2.41,82136.15954365241,2803.68994140625
2019-04-01,63.89,-69.298185,255.233,2.42,82052.46206961414,2867.18994140625
2019-05-01,60.89,-39.870079,255.296,2.39,81615.2430552827,2923.72998046875
2019-06-01,54.66,-27.164156,255.213,2.38,81577.0693962349,2744.44995117188
2019-07-01,57.28,19.325942,255.802,2.4,81176.3589912852,2964.330078125
2019-08-01,55.17,25.219757,256.036,2.13,82261.01789830078,2953.56005859375
2019-09-01,57.03,38.138793,256.43,2.04,80592.94730683303,2906.27001953125
2019-10-01,53.77,16.922694,257.155,1.83,82475.27851202124,2940.25
2019-11-01,56.74,-8.4075425,257.879,1.55,83307.8155771937,3066.90991210938
2019-12-01,59.73,-11.244345,258.63,1.55,83467.04924265582,3113.8701171875
2020-01-01,58.01,-79.073404,259.127,1.55,82784.69132979737,3257.85009765625
2020-02-01,50.67,-120.8634,259.25,1.58,81983.95517709,3248.919921875
2020-03-01,30.4,-93.721384,258.076,0.65,82099.75458233681,3090.22998046875
2020-04-01,17.39,-82.789046,256.032,0.05,82388.50358010607,2470.5
2020-05-01,26.57,-113.12269,255.802,0.05,71274.70069283184,2830.7099609375
2020-06-01,38.19,-28.270779,257.042,0.08,70002.37649236541,3055.72998046875
2020-07-01,40.58,6.8034396,258.352,0.09,71472.6417272098,3115.86010742188
2020-08-01,42.33,-0.83490404,259.316,0.1,72552.62122875646,3294.61010742188
2020-09-01,39.64,-8.1063862,259.997,0.09,72402.14955119176,3526.64990234375
2020-10-01,39.45,6.4277569,260.319,0.09,72977.79374169106,3380.80004882812
2020-11-01,41.07,-25.998838,260.911,0.09,74775.46046318032,3310.23999023438
2020-12-01,46.78,-20.982322,262.045,0.09,75515.39776614754,3662.44995117188
2021-01-01,51.23,7.6877108,262.639,0.09,75880.04098425458,3700.64990234375
2021-02-01,59.1,-2.5135255,263.573,0.08,73952.87185426349,3773.86010742188
2021-03-01,62.62,26.836912,264.847,0.07,75837.00147943865,3901.82006835938
2021-04-01,61.52,46.749621,266.625,0.07,75350.66382660586,4019.8701171875
2021-05-01,65.17,64.31672,268.404,0.06,75850.93783410452,4192.66015625
2021-06-01,70.97,62.510461,270.71,0.08,76360.98803027713,4202.0400390625
2021-07-01,72.61,70.587283,271.965,0.1,77642.53410177623,4319.93994140625
2021-08-01,67.62,85.899766,272.752,0.09,77234.05113230353,4387.16015625
2021-09-01,70.5,99.842545,273.942,0.08,77634.91709399631,4524.08984375
2021-10-01,80.49,110.76678,276.528,0.08,78969.51930216668,4357.0400390625
2021-11-01,80.13,55.076058,278.824,0.08,79861.82923911708,4613.669921875
2021-12-01,71.41,56.389404,280.806,0.08,79392.33973869751,4513.0400390625
2022-01-01,83.06,8.4314011,282.542,0.08,79552.37507903419,4796.56005859375
2022-02-01,91.32,12.016724,284.525,0.08,80814.642788992,4546.5400390625
2022-03-01,108.58,40.630635,287.467,0.2,80745.5672334843,4306.259765625
2022-04-01,102.29,29.984078,288.582,0.33,79967.9303695733,4545.85986328125
2022-05-01,109.31,57.407659,291.299,0.77,79466.55944830547,4155.3798828125
2022-06-01,115.29,35.433732,295.072,1.21,79717.2090842905,4101.22998046875
2022-07-01,103.21,21.651893,294.94,1.68,80628.11967539995,3825.330078125
2022-08-01,93.74,-16.84664,295.162,2.33,81602.39155406262,4118.6298828125
2022-09-01,85.37,-11.928476,296.421,2.56,82145.38776453749,3966.85009765625
2022-10-01,87.61,7.593114,297.979,3.08,82232.90687068243,3678.42993164062
2022-11-01,85.08,-25.876748,298.708,3.78,82561.15141785791,3856.10009765625
2022-12-01,76.8,-14.538206,298.808,4.1,81944.40369483634,4076.57006835938
2023-01-01,78.01,-61.823823,300.456,4.33,82124.53367540883,3824.13989257812
2023-02-01,76.99,-94.3083,301.476,4.57,82773.95843784326,4119.2099609375
2023-03-01,73.51,-17.981224,301.643,4.65,82731.59259057758,3951.38989257812
2023-04-01,79.51,-13.369522,302.858,4.83,82150.09718136332,4124.509765625
2023-05-01,71.86,-17.772794,303.316,5.06,81381.86178062134,4167.8701171875
2023-06-01,70.12,-44.764641,304.099,5.08,81978.22553590605,4221.02001953125
2023-07-01,75.57,-48.724776,304.615,5.12,81250.94495882558,4455.58984375
2023-08-01,81.34,-39.000934,306.138,5.33,80783.95454788904,4576.72998046875
2023-09-01,88.11,-20.065636,307.374,5.33,81745.59300861762,4515.77001953125
2023-10-01,85.94,9.3529495,307.653,5.33,82099.52696029296,4288.39013671875
2023-11-01,78.48,7.3798224,308.087,5.33,82915.1749726553,4237.85986328125
2023-12-01,72.61,39.989572,308.735,5.33,83215.72836306576,4594.6298828125
2024-01-01,73.56,-5.2647831,309.794,5.33,81848.33588671513,4742.830078125
2024-02-01,76.93,21.166976,311.022,5.33,82540.877469039,4906.18994140625
2024-03-01,81.01,26.605602,312.107,5.33,82978.39036703267,5137.080078125
2024-04-01,85.5,1.0185587,313.016,5.33,82433.42874114995,5243.77001953125
2024-05-01,80.31,10.199357,313.14,5.33,81733.0786658171,5018.39013671875
2024-06-01,79.89,11.785428,313.131,5.33,81435.19707454386,5283.39990234375
2024-07-01,82.57,11.971019,313.566,5.33,81715.93031933872,5475.08984375
2024-08-01,76.79,0.46644821,314.131,5.33,81938.15029192372,5446.68017578125
2024-09-01,70.3,13.95558,314.851,5.13,80860.34562217543,5528.93017578125
2024-10-01,72.48,-2.5488353,315.564,4.83,82023.53236371136,5708.75
2024-11-01,69.6,-10.584763,316.449,4.64,82238.40238354342,5728.7998046875
2024-12-01,69.94,-44.518496,317.603,4.48,82646.47296336039,6047.14990234375
