"","date","oil_price","global_real_economic_activity","cpi","fed_funds"
"1",1986-01-01,23.27,-37.817975,109.9,8.14
"2",1986-02-01,15.4,-51.768848,109.7,7.86
"3",1986-03-01,12.7,-55.409076,109.1,7.48
"4",1986-04-01,12.63,-61.57038,108.7,6.99
"5",1986-05-01,15.12,-66.405156,109,6.85
"6",1986-06-01,13.46,-69.363919,109.4,6.92
"7",1986-07-01,11.71,-80.987409,109.5,6.56
"8",1986-08-01,14.51,-78.32166,109.6,6.17
"9",1986-09-01,14.93,-54.279694,110,5.89
"10",1986-10-01,14.88,-48.829902,110.2,5.85
"11",1986-11-01,15.21,-51.147616,110.4,6.04
"12",1986-12-01,15.96,-60.136219,110.8,6.91
"13",1987-01-01,18.52,-46.537781,111.4,6.43
"14",1987-02-01,17.74,-41.807747,111.8,6.1
"15",1987-03-01,18.27,-35.097154,112.2,6.13
"16",1987-04-01,18.65,-25.198604,112.7,6.37
"17",1987-05-01,19.32,-19.448618,113,6.85
"18",1987-06-01,20.05,-30.734753,113.5,6.73
"19",1987-07-01,21.26,-33.677065,113.8,6.58
"20",1987-08-01,20.34,-18.792031,114.3,6.73
"21",1987-09-01,19.54,-22.337731,114.7,7.22
"22",1987-10-01,19.82,-17.334438,115,7.29
"23",1987-11-01,18.87,-12.320668,115.4,6.69
"24",1987-12-01,17.39,-5.1292209,115.6,6.77
"25",1988-01-01,17.06,2.888207,116,6.83
"26",1988-02-01,16.84,14.138447,116.2,6.58
"27",1988-03-01,16.01,19.234214,116.5,6.58
"28",1988-04-01,17.7,11.694667,117.2,6.87
"29",1988-05-01,17.42,5.2473454,117.5,7.09
"30",1988-06-01,16.81,-5.0622713,118,7.51
"31",1988-07-01,15.51,-11.418589,118.5,7.75
"32",1988-08-01,15.56,-9.3493645,119,8.01
"33",1988-09-01,14.62,-4.7992814,119.5,8.19
"34",1988-10-01,13.78,-1.8878356,119.9,8.3
"35",1988-11-01,13.97,7.8909469,120.3,8.35
"36",1988-12-01,16.26,11.36421,120.7,8.76
"37",1989-01-01,18.08,17.833195,121.2,9.12
"38",1989-02-01,17.84,12.272303,121.6,9.36
"39",1989-03-01,19.4,17.595461,122.2,9.85
"40",1989-04-01,21.07,17.030112,123.1,9.84
"41",1989-05-01,20.17,21.588415,123.7,9.81
"42",1989-06-01,20.02,3.1783623,124.1,9.53
"43",1989-07-01,19.85,1.1025574,124.5,9.24
"44",1989-08-01,18.53,2.4857409,124.5,8.99
"45",1989-09-01,19.46,3.9639345,124.8,9.02
"46",1989-10-01,20.13,10.673192,125.4,8.84
"47",1989-11-01,19.91,18.217045,125.9,8.55
"48",1989-12-01,20.88,14.632365,126.3,8.45
"49",1990-01-01,22.93,16.564705,127.5,8.23
"50",1990-02-01,22.25,13.131612,128,8.24
"51",1990-03-01,20.54,12.58115,128.6,8.28
"52",1990-04-01,18.4,2.7462914,128.9,8.26
"53",1990-05-01,18.28,-6.1560149,129.1,8.18
"54",1990-06-01,16.87,-14.983053,129.9,8.29
"55",1990-07-01,18.26,-24.963211,130.5,8.15
"56",1990-08-01,26.76,-15.946364,131.6,8.13
"57",1990-09-01,33.51,-18.542019,132.5,8.2
"58",1990-10-01,36.17,-14.52486,133.4,8.11
"59",1990-11-01,32.67,-9.5603836,133.7,7.81
"60",1990-12-01,27.22,-0.28289139,134.2,7.31
"61",1991-01-01,26.22,0.34527732,134.7,6.91
"62",1991-02-01,21.05,10.102198,134.8,6.25
"63",1991-03-01,19.67,18.043302,134.8,6.12
"64",1991-04-01,20.8,10.592027,135.1,5.91
"65",1991-05-01,21.22,14.428308,135.6,5.78
"66",1991-06-01,20.19,16.61342,136,5.9
"67",1991-07-01,21.39,8.141266,136.2,5.82
"68",1991-08-01,21.67,2.981071,136.6,5.66
"69",1991-09-01,21.87,6.0906602,137,5.45
"70",1991-10-01,23.19,10.434106,137.2,5.21
"71",1991-11-01,22.58,11.033069,137.8,4.81
"72",1991-12-01,19.52,5.5939541,138.2,4.43
"73",1992-01-01,18.81,2.7205351,138.3,4.03
"74",1992-02-01,19.01,-10.633009,138.6,4.06
"75",1992-03-01,18.88,-17.959223,139.1,3.98
"76",1992-04-01,20.07,-21.773927,139.4,3.73
"77",1992-05-01,20.95,-14.105391,139.7,3.82
"78",1992-06-01,22.42,-22.108718,140.1,3.76
"79",1992-07-01,21.8,-31.534415,140.5,3.25
"80",1992-08-01,21.34,-31.485497,140.8,3.3
"81",1992-09-01,21.88,-32.850664,141.1,3.22
"82",1992-10-01,21.7,-32.255475,141.7,3.1
"83",1992-11-01,20.35,-19.487697,142.1,3.09
"84",1992-12-01,19.42,-7.6815912,142.3,2.92
"85",1993-01-01,19.15,-12.302384,142.8,3.02
"86",1993-02-01,20.07,-10.137547,143.1,3.03
"87",1993-03-01,20.32,-2.017709,143.3,3.07
"88",1993-04-01,20.27,2.0150083,143.8,2.96
"89",1993-05-01,19.95,8.0972116,144.2,3
"90",1993-06-01,19.17,4.7608842,144.3,3.04
"91",1993-07-01,18.01,-6.7208401,144.5,3.06
"92",1993-08-01,17.97,-6.0361962,144.8,3.03
"93",1993-09-01,17.42,-3.8658915,145,3.09
"94",1993-10-01,18.17,-7.4105379,145.6,2.99
"95",1993-11-01,16.71,-12.988016,146,3.02
"96",1993-12-01,14.56,-18.162275,146.3,2.96
"97",1994-01-01,15.02,-18.644764,146.3,3.05
"98",1994-02-01,14.8,-24.72002,146.7,3.25
"99",1994-03-01,14.72,-25.345152,147.1,3.34
"100",1994-04-01,16.02,-13.118531,147.2,3.56
"101",1994-05-01,17.87,-0.21614012,147.5,4.01
"102",1994-06-01,18.98,-9.5449082,147.9,4.25
"103",1994-07-01,19.55,-5.5633778,148.4,4.26
"104",1994-08-01,18.51,-0.31665165,149,4.47
"105",1994-09-01,17.46,3.3621504,149.3,4.73
"106",1994-10-01,17.7,19.702522,149.4,4.76
"107",1994-11-01,18.05,22.546583,149.8,5.29
"108",1994-12-01,17.29,29.313952,150.1,5.45
"109",1995-01-01,17.99,30.413288,150.5,5.53
"110",1995-02-01,18.56,28.968647,150.9,5.92
"111",1995-03-01,18.54,38.788774,151.2,5.98
"112",1995-04-01,19.88,41.345377,151.8,6.05
"113",1995-05-01,19.83,40.917014,152.1,6.01
"114",1995-06-01,18.49,29.45412,152.4,6
"115",1995-07-01,17.31,27.680507,152.6,5.85
"116",1995-08-01,18.04,33.51775,152.9,5.74
"117",1995-09-01,18.17,29.700404,153.1,5.8
"118",1995-10-01,17.41,13.794055,153.5,5.76
"119",1995-11-01,17.9,10.152355,153.7,5.8
"120",1995-12-01,18.93,8.2371006,153.9,5.6
"121",1996-01-01,19.1,3.2174598,154.7,5.56
"122",1996-02-01,18.9,-4.3877197,155,5.22
"123",1996-03-01,21.04,-8.1600314,155.5,5.31
"124",1996-04-01,23.65,-3.3738877,156.1,5.22
"125",1996-05-01,21.16,-6.1850757,156.4,5.24
"126",1996-06-01,20.42,-16.862166,156.7,5.27
"127",1996-07-01,21.45,-29.789891,157,5.4
"128",1996-08-01,21.72,-32.652765,157.2,5.22
"129",1996-09-01,23.94,-38.096119,157.7,5.3
"130",1996-10-01,24.99,-28.801509,158.2,5.24
"131",1996-11-01,23.79,-4.3288855,158.7,5.31
"132",1996-12-01,25.2,-1.8890195,159.1,5.29
"133",1997-01-01,25.19,-3.5383176,159.4,5.25
"134",1997-02-01,22.18,-5.21425,159.7,5.19
"135",1997-03-01,20.99,-2.7699154,159.8,5.39
"136",1997-04-01,19.66,-9.0499193,159.9,5.51
"137",1997-05-01,20.74,-16.481968,159.9,5.5
"138",1997-06-01,19.23,-16.971181,160.2,5.56
"139",1997-07-01,19.6,-11.798168,160.4,5.52
"140",1997-08-01,19.98,-15.371927,160.8,5.54
"141",1997-09-01,19.65,-15.220355,161.2,5.54
"142",1997-10-01,21.32,-13.177482,161.5,5.5
"143",1997-11-01,20.11,-19.929632,161.7,5.52
"144",1997-12-01,18.44,-19.984819,161.8,5.5
"145",1998-01-01,16.84,-26.550423,162,5.56
"146",1998-02-01,16.06,-42.389915,162,5.51
"147",1998-03-01,15.02,-35.356025,162,5.49
"148",1998-04-01,15.39,-42.277972,162.2,5.45
"149",1998-05-01,15.02,-42.661172,162.6,5.49
"150",1998-06-01,13.66,-51.567309,162.8,5.56
"151",1998-07-01,14.19,-58.209656,163.2,5.54
"152",1998-08-01,13.48,-63.167775,163.4,5.55
"153",1998-09-01,14.77,-54.317659,163.5,5.51
"154",1998-10-01,14.64,-42.309912,163.9,5.07
"155",1998-11-01,12.95,-44.836897,164.1,4.83
"156",1998-12-01,11.24,-57.034285,164.4,4.68
"157",1999-01-01,12.37,-62.618599,164.7,4.63
"158",1999-02-01,12,-58.42276,164.7,4.76
"159",1999-03-01,14.39,-43.758021,164.8,4.81
"160",1999-04-01,17.2,-48.803472,165.9,4.74
"161",1999-05-01,17.72,-34.681452,166,4.74
"162",1999-06-01,17.75,-41.728607,166,4.76
"163",1999-07-01,19.93,-43.201727,166.7,4.99
"164",1999-08-01,21.2,-36.448743,167.1,5.07
"165",1999-09-01,23.42,-27.567904,167.8,5.22
"166",1999-10-01,23,-12.013535,168.1,5.2
"167",1999-11-01,25.09,-12.397504,168.4,5.42
"168",1999-12-01,26.05,-11.793906,168.8,5.3
"169",2000-01-01,27.23,-9.8577798,169.3,5.45
"170",2000-02-01,29.22,-8.5100162,170,5.73
"171",2000-03-01,29.88,6.1685663,171,5.85
"172",2000-04-01,25.77,9.2554573,170.9,6.02
"173",2000-05-01,28.7,5.2712434,171.2,6.27
"174",2000-06-01,31.58,4.0424835,172.2,6.53
"175",2000-07-01,29.88,5.7295862,172.7,6.54
"176",2000-08-01,30.73,7.1875833,172.7,6.5
"177",2000-09-01,33.76,11.193848,173.6,6.52
"178",2000-10-01,33.14,12.466496,173.9,6.51
"179",2000-11-01,34.29,11.768133,174.2,6.51
"180",2000-12-01,29.35,4.9198703,174.6,6.4
"181",2001-01-01,29.65,1.8083884,175.6,5.98
"182",2001-02-01,29.71,-3.9665354,176,5.49
"183",2001-03-01,27.33,-2.3117515,176.1,5.31
"184",2001-04-01,27.48,-6.5984279,176.4,4.8
"185",2001-05-01,28.62,-6.3153992,177.3,4.21
"186",2001-06-01,27.76,-11.39991,177.7,3.97
"187",2001-07-01,26.43,-24.239422,177.4,3.77
"188",2001-08-01,27.32,-44.905038,177.4,3.65
"189",2001-09-01,26.26,-48.767166,178.1,3.07
"190",2001-10-01,22.24,-53.419067,177.6,2.49
"191",2001-11-01,19.78,-58.101155,177.5,2.09
"192",2001-12-01,19.52,-56.137178,177.4,1.82
"193",2002-01-01,19.79,-49.361089,177.7,1.73
"194",2002-02-01,20.39,-46.293921,178,1.74
"195",2002-03-01,24.05,-36.026298,178.5,1.73
"196",2002-04-01,26.06,-35.184567,179.3,1.75
"197",2002-05-01,27,-39.298821,179.5,1.75
"198",2002-06-01,25.52,-42.93404,179.6,1.75
"199",2002-07-01,26.94,-43.694065,180,1.73
"200",2002-08-01,28.22,-42.39595,180.5,1.74
"201",2002-09-01,29.57,-25.872577,180.8,1.75
"202",2002-10-01,29.29,-11.530471,181.2,1.75
"203",2002-11-01,26.5,-4.7992475,181.5,1.34
"204",2002-12-01,29.42,8.4029595,181.8,1.24
"205",2003-01-01,32.84,9.7990351,182.6,1.24
"206",2003-02-01,35.88,8.2336706,183.6,1.26
"207",2003-03-01,33.63,18.235821,183.9,1.25
"208",2003-04-01,28.77,29.731659,183.2,1.26
"209",2003-05-01,27.84,37.844404,182.9,1.26
"210",2003-06-01,30.69,33.552064,183.1,1.22
"211",2003-07-01,30.78,35.981304,183.7,1.01
"212",2003-08-01,31.38,39.914125,184.5,1.03
"213",2003-09-01,28.31,47.215554,185.1,1.01
"214",2003-10-01,30.21,99.977696,184.9,1.01
"215",2003-11-01,31.01,102.16038,185,1
"216",2003-12-01,32.06,110.16811,185.5,0.98
"217",2004-01-01,34.03,122.52714,186.3,1
"218",2004-02-01,34.73,126.62066,186.7,1.01
"219",2004-03-01,36.89,120.54359,187.1,1
"220",2004-04-01,36.59,107.18477,187.4,1
"221",2004-05-01,40.28,84.746445,188.2,1
"222",2004-06-01,38.39,63.101443,188.9,1.03
"223",2004-07-01,40.19,89.543533,189.1,1.26
"224",2004-08-01,45.17,99.507257,189.2,1.43
"225",2004-09-01,44.71,98.685194,189.8,1.61
"226",2004-10-01,52.69,107.5051,190.8,1.76
"227",2004-11-01,48.41,122.87263,191.7,1.93
"228",2004-12-01,43.68,126.9204,191.7,2.16
"229",2005-01-01,46.82,106.77354,191.6,2.28
"230",2005-02-01,48.16,107.18948,192.4,2.5
"231",2005-03-01,53.96,110.16549,193.1,2.63
"232",2005-04-01,53.21,106.85297,193.7,2.79
"233",2005-05-01,49.72,85.894115,193.6,3
"234",2005-06-01,55.68,57.197257,193.7,3.04
"235",2005-07-01,58.89,35.375101,194.9,3.26
"236",2005-08-01,64.44,34.34243,196.1,3.5
"237",2005-09-01,65.92,57.084707,198.8,3.62
"238",2005-10-01,62.39,69.086511,199.1,3.78
"239",2005-11-01,58.57,61.690924,198.1,4
"240",2005-12-01,59.14,50.389236,198.1,4.16
"241",2006-01-01,65.19,36.027551,199.3,4.29
"242",2006-02-01,62.24,43.884503,199.4,4.49
"243",2006-03-01,62.57,50.051685,199.7,4.59
"244",2006-04-01,69.42,44.427138,200.7,4.79
"245",2006-05-01,70.77,43.359636,201.3,4.94
"246",2006-06-01,71.03,53.987901,201.8,4.99
"247",2006-07-01,74.43,65.137264,202.9,5.24
"248",2006-08-01,73.69,83.830278,203.8,5.25
"249",2006-09-01,64.97,93.609014,202.8,5.25
"250",2006-10-01,58.93,93.949521,201.9,5.25
"251",2006-11-01,58.33,98.011529,202,5.25
"252",2006-12-01,61.86,101.06205,203.1,5.24
"253",2007-01-01,54.24,103.9292,203.437,5.25
"254",2007-02-01,58.52,102.26584,204.226,5.26
"255",2007-03-01,60.57,117.17465,205.288,5.26
"256",2007-04-01,63.93,128.65899,205.904,5.25
"257",2007-05-01,63.56,139.08651,206.755,5.25
"258",2007-06-01,66.87,128.66437,207.234,5.25
"259",2007-07-01,73.66,141.63488,207.603,5.26
"260",2007-08-01,72.77,150.82932,207.667,5.02
"261",2007-09-01,79.72,168.10971,208.547,4.94
"262",2007-10-01,84.77,187.51755,209.19,4.76
"263",2007-11-01,94.65,188.02872,210.834,4.49
"264",2007-12-01,91.67,181.14932,211.445,4.24
"265",2008-01-01,93.46,149.17641,212.174,3.94
"266",2008-02-01,94.96,144.88742,212.687,2.98
"267",2008-03-01,105.64,160.65265,213.448,2.61
"268",2008-04-01,111.51,163.33017,213.942,2.28
"269",2008-05-01,124.4,189.801,215.208,1.98
"270",2008-06-01,133.58,183.24486,217.463,2
"271",2008-07-01,135.94,169.03153,219.016,2.01
"272",2008-08-01,117.91,150.52867,218.69,2
"273",2008-09-01,104.89,110.86565,218.877,1.81
"274",2008-10-01,78.36,10.677247,216.995,0.97
"275",2008-11-01,57.11,-66.557141,213.153,0.39
"276",2008-12-01,40.71,-75.300735,211.398,0.16
"277",2009-01-01,41.69,-55.661154,211.933,0.15
"278",2009-02-01,38.99,13.789353,212.705,0.22
"279",2009-03-01,47.83,21.585305,212.495,0.18
"280",2009-04-01,49.62,5.0822433,212.709,0.15
"281",2009-05-01,57.75,47.698558,213.022,0.18
"282",2009-06-01,69.54,87.927608,214.79,0.21
"283",2009-07-01,64.88,75.275916,214.726,0.16
"284",2009-08-01,71.1,52.624549,215.445,0.16
"285",2009-09-01,69.74,39.316099,215.861,0.15
"286",2009-10-01,74.78,54.715259,216.509,0.12
"287",2009-11-01,77.94,90.678327,217.234,0.12
"288",2009-12-01,73.7,80.963888,217.347,0.12
"289",2010-01-01,78.41,69.064966,217.488,0.11
"290",2010-02-01,76.48,52.525616,217.281,0.13
"291",2010-03-01,81.01,70.687501,217.353,0.16
"292",2010-04-01,84.03,65.583743,217.403,0.2
"293",2010-05-01,73.75,89.014935,217.29,0.2
"294",2010-06-01,75.03,67.482496,217.199,0.18
"295",2010-07-01,76.28,19.422155,217.605,0.18
"296",2010-08-01,76.93,43.605647,217.923,0.19
"297",2010-09-01,74.56,54.767721,218.275,0.19
"298",2010-10-01,81.21,53.627755,219.035,0.19
"299",2010-11-01,84.09,38.677372,219.59,0.19
"300",2010-12-01,88.83,25.097983,220.472,0.18
"301",2011-01-01,89.11,-12.191549,221.187,0.17
"302",2011-02-01,88.61,-29.426505,221.898,0.16
"303",2011-03-01,102.25,-6.3314788,223.046,0.14
"304",2011-04-01,108.71,-17.219502,224.093,0.1
"305",2011-05-01,100.81,-16.671231,224.806,0.09
"306",2011-06-01,97.39,-10.697798,224.806,0.09
"307",2011-07-01,96.68,-15.630543,225.395,0.07
"308",2011-08-01,86.03,-14.219865,226.106,0.1
"309",2011-09-01,85.95,14.019792,226.597,0.08
"310",2011-10-01,85.98,25.996502,226.75,0.07
"311",2011-11-01,96.61,13.827626,227.169,0.08
"312",2011-12-01,98.72,15.781143,227.223,0.07
"313",2012-01-01,100.53,-42.990649,227.842,0.08
"314",2012-02-01,101.32,-82.192289,228.329,0.1
"315",2012-03-01,106.3,-62.142853,228.807,0.13
"316",2012-04-01,103.25,-44.904569,229.187,0.14
"317",2012-05-01,96.11,-36.914283,228.713,0.16
"318",2012-06-01,83.22,-52.77209,228.524,0.16
"319",2012-07-01,87.69,-40.678391,228.59,0.16
"320",2012-08-01,93.71,-73.917155,229.918,0.13
"321",2012-09-01,94.57,-81.554,231.015,0.14
"322",2012-10-01,90.04,-51.862843,231.638,0.16
"323",2012-11-01,86.48,-44.219176,231.249,0.16
"324",2012-12-01,87.77,-62.0574,231.221,0.16
"325",2013-01-01,94.04,-72.561594,231.679,0.14
"326",2013-02-01,96.21,-76.318722,232.937,0.15
"327",2013-03-01,93,-59.652371,232.282,0.14
"328",2013-04-01,91.86,-59.514893,231.797,0.15
"329",2013-05-01,94.39,-62.00992,231.893,0.11
"330",2013-06-01,95.77,-52.124032,232.445,0.09
"331",2013-07-01,104.53,-34.404792,232.9,0.09
"332",2013-08-01,106.3,-37.643902,233.456,0.08
"333",2013-09-01,106.61,5.9545455,233.544,0.08
"334",2013-10-01,101.23,17.454793,233.669,0.09
"335",2013-11-01,94.42,-1.4616028,234.1,0.08
"336",2013-12-01,97.61,31.890886,234.719,0.09
"337",2014-01-01,95.07,-7.3362025,235.288,0.07
"338",2014-02-01,100.92,-32.878093,235.547,0.07
"339",2014-03-01,100.76,-6.5195683,236.028,0.08
"340",2014-04-01,102.31,-41.585929,236.468,0.09
"341",2014-05-01,102.1,-46.901452,236.918,0.09
"342",2014-06-01,105.78,-55.264885,237.231,0.1
"343",2014-07-01,103.87,-68.820634,237.498,0.09
"344",2014-08-01,97.61,-52.262466,237.46,0.09
"345",2014-09-01,93.29,-34.028569,237.477,0.09
"346",2014-10-01,85.07,-35.798469,237.43,0.09
"347",2014-11-01,75.62,-16.380096,236.983,0.09
"348",2014-12-01,59.95,-54.055939,236.252,0.12
"349",2015-01-01,48.21,-75.906702,234.747,0.11
"350",2015-02-01,50.64,-105.58909,235.342,0.11
"351",2015-03-01,47.79,-99.132541,235.976,0.11
"352",2015-04-01,52.9,-96.430354,236.222,0.12
"353",2015-05-01,58.97,-95.640232,237.001,0.12
"354",2015-06-01,59.91,-79.968327,237.657,0.13
"355",2015-07-01,51.82,-46.650546,238.034,0.13
"356",2015-08-01,42.55,-37.636454,238.033,0.14
"357",2015-09-01,45.74,-55.393705,237.498,0.14
"358",2015-10-01,46.07,-66.715759,237.733,0.12
"359",2015-11-01,42.45,-97.561077,238.017,0.12
"360",2015-12-01,37.34,-108.75046,237.761,0.24
"361",2016-01-01,32.65,-138.09723,237.652,0.34
"362",2016-02-01,30.19,-160.8034,237.336,0.38
"363",2016-03-01,37.47,-138.7112,238.08,0.36
"364",2016-04-01,40.19,-92.884278,238.992,0.37
"365",2016-05-01,46.59,-90.92744,239.557,0.37
"366",2016-06-01,48.95,-92.996962,240.222,0.38
"367",2016-07-01,45.24,-77.609521,240.101,0.39
"368",2016-08-01,44.54,-82.628466,240.545,0.4
"369",2016-09-01,45.31,-62.009156,241.176,0.4
"370",2016-10-01,49.92,-57.274548,241.741,0.4
"371",2016-11-01,45.63,-36.186769,242.026,0.41
"372",2016-12-01,51.41,-38.37191,242.637,0.54
"373",2017-01-01,52.49,-53.186675,243.618,0.65
"374",2017-02-01,53.37,-70.947911,244.006,0.66
"375",2017-03-01,49.7,-29.991856,243.892,0.79
"376",2017-04-01,51.17,-23.136296,244.193,0.9
"377",2017-05-01,48.43,-45.648104,244.004,0.91
"378",2017-06-01,45.61,-57.878223,244.163,1.04
"379",2017-07-01,46.29,-52.55301,244.243,1.15
"380",2017-08-01,48.45,-29.644136,245.183,1.16
"381",2017-09-01,49.24,-12.235996,246.435,1.15
"382",2017-10-01,51.31,-3.6628322,246.626,1.15
"383",2017-11-01,56.23,-5.8277979,247.284,1.16
"384",2017-12-01,57.93,4.8692884,247.805,1.3
"385",2018-01-01,63.38,-21.87596,248.859,1.41
"386",2018-02-01,62.59,-31.905935,249.529,1.42
"387",2018-03-01,62.82,-29.176045,249.577,1.51
"388",2018-04-01,66.14,-31.457887,250.227,1.69
"389",2018-05-01,70.31,-17.951697,250.792,1.7
"390",2018-06-01,67.77,-13.411334,251.018,1.82
"391",2018-07-01,71.16,6.5980945,251.214,1.91
"392",2018-08-01,68.25,10.159779,251.663,1.91
"393",2018-09-01,70.15,-6.5778799,252.182,1.95
"394",2018-10-01,71.44,-0.089969398,252.772,2.19
"395",2018-11-01,57.91,-25.790211,252.594,2.2
"396",2018-12-01,49.09,-14.360355,252.767,2.27
"397",2019-01-01,50.65,-36.893994,252.561,2.4
"398",2019-02-01,54.45,-89.497133,253.319,2.4
"399",2019-03-01,57.84,-81.909996,254.277,2.41
"400",2019-04-01,63.89,-69.298185,255.233,2.42
"401",2019-05-01,60.89,-39.870079,255.296,2.39
"402",2019-06-01,54.66,-27.164156,255.213,2.38
"403",2019-07-01,57.28,19.325942,255.802,2.4
"404",2019-08-01,55.17,25.219757,256.036,2.13
"405",2019-09-01,57.03,38.138793,256.43,2.04
"406",2019-10-01,53.77,16.922694,257.155,1.83
"407",2019-11-01,56.74,-8.4075425,257.879,1.55
"408",2019-12-01,59.73,-11.244345,258.63,1.55
"409",2020-01-01,58.01,-79.073404,259.127,1.55
"410",2020-02-01,50.67,-120.8634,259.25,1.58
"411",2020-03-01,30.4,-93.721384,258.076,0.65
"412",2020-04-01,17.39,-82.789046,256.032,0.05
"413",2020-05-01,26.57,-113.12269,255.802,0.05
"414",2020-06-01,38.19,-28.270779,257.042,0.08
"415",2020-07-01,40.58,6.8034396,258.352,0.09
"416",2020-08-01,42.33,-0.83490404,259.316,0.1
"417",2020-09-01,39.64,-8.1063862,259.997,0.09
"418",2020-10-01,39.45,6.4277569,260.319,0.09
"419",2020-11-01,41.07,-25.998838,260.911,0.09
"420",2020-12-01,46.78,-20.982322,262.045,0.09
"421",2021-01-01,51.23,7.6877108,262.639,0.09
"422",2021-02-01,59.1,-2.5135255,263.573,0.08
"423",2021-03-01,62.62,26.836912,264.847,0.07
"424",2021-04-01,61.52,46.749621,266.625,0.07
"425",2021-05-01,65.17,64.31672,268.404,0.06
"426",2021-06-01,70.97,62.510461,270.71,0.08
"427",2021-07-01,72.61,70.587283,271.965,0.1
"428",2021-08-01,67.62,85.899766,272.752,0.09
"429",2021-09-01,70.5,99.842545,273.942,0.08
"430",2021-10-01,80.49,110.76678,276.528,0.08
"431",2021-11-01,80.13,55.076058,278.824,0.08
"432",2021-12-01,71.41,56.389404,280.806,0.08
"433",2022-01-01,83.06,8.4314011,282.542,0.08
"434",2022-02-01,91.32,12.016724,284.525,0.08
"435",2022-03-01,108.58,40.630635,287.467,0.2
"436",2022-04-01,102.29,29.984078,288.582,0.33
"437",2022-05-01,109.31,57.407659,291.299,0.77
"438",2022-06-01,115.29,35.433732,295.072,1.21
"439",2022-07-01,103.21,21.651893,294.94,1.68
"440",2022-08-01,93.74,-16.84664,295.162,2.33
"441",2022-09-01,85.37,-11.928476,296.421,2.56
"442",2022-10-01,87.61,7.593114,297.979,3.08
"443",2022-11-01,85.08,-25.876748,298.708,3.78
"444",2022-12-01,76.8,-14.538206,298.808,4.1
"445",2023-01-01,78.01,-61.823823,300.456,4.33
"446",2023-02-01,76.99,-94.3083,301.476,4.57
"447",2023-03-01,73.51,-17.981224,301.643,4.65
"448",2023-04-01,79.51,-13.369522,302.858,4.83
"449",2023-05-01,71.86,-17.772794,303.316,5.06
"450",2023-06-01,70.12,-44.764641,304.099,5.08
"451",2023-07-01,75.57,-48.724776,304.615,5.12
"452",2023-08-01,81.34,-39.000934,306.138,5.33
"453",2023-09-01,88.11,-20.065636,307.374,5.33
"454",2023-10-01,85.94,9.3529495,307.653,5.33
"455",2023-11-01,78.48,7.3798224,308.087,5.33
"456",2023-12-01,72.61,39.989572,308.735,5.33
"457",2024-01-01,73.56,-5.2647831,309.794,5.33
"458",2024-02-01,76.93,21.166976,311.022,5.33
"459",2024-03-01,81.01,26.605602,312.107,5.33
"460",2024-04-01,85.5,1.0185587,313.016,5.33
"461",2024-05-01,80.31,10.199357,313.14,5.33
"462",2024-06-01,79.89,11.785428,313.131,5.33
"463",2024-07-01,82.57,11.971019,313.566,5.33
"464",2024-08-01,76.79,0.46644821,314.131,5.33
"465",2024-09-01,70.3,13.95558,314.851,5.13
"466",2024-10-01,72.48,-2.5488353,315.564,4.83
"467",2024-11-01,69.6,-10.584763,316.449,4.64
"468",2024-12-01,69.94,-44.518496,317.603,4.48
